date	color_category	country_region_org	country_cases	text_en	text_han	note	source	name	world_cases	source_url	google_doc
	THEME				武漢肺炎 疫情時光機	COVID-19 時間軸					
	THEME				跟著沃草將時間倒回武漢肺炎（COVID-19）爆發之初，隨著疫情推展，看看台灣、世界衛生組織（WHO）、中國和其他各國是如何防疫？						
	CARD				2019 年底，出現疑似武漢肺炎的蹤跡，但尚未出現人傳人的現象						
20191230	CHINA	中國	?		武漢醫院醫師李文亮在微信私人群組稱「華南水果海鮮市場確診 7 例 SARS」和「最新消息，冠狀病毒感染確定」		新京報		-	http://www.bjnews.com.cn/feature/2020/01/31/682076.html	
20191231	CHINA	中國	?		發現多例肺炎病例與華南海鮮城有關聯，有 27 例肺炎病例，其中 7 例嚴重，目前未有人傳人現象	近期部分医疗机构发现接诊的多例肺炎病例与华南海鲜城有关联，市卫健委接到报告后，立即在全市医疗卫生机构开展与华南海鲜城有关联的病例搜索和回顾性调查，目前已发现27例病例，其中7例病情严重，其余病例病情稳定可控，有2例病情好转拟于近期出院。病例临床表现主要为发热，少数病人呼吸困难，胸片呈双肺浸润性病灶。目前，所有病例均已隔离治疗，密切接触者的追踪调查和医学观察正在进行中，对华南海鲜城的卫生学调查和环境卫生处置正在进行中。  武汉市组织同济医院、省疾控中心、中科院武汉病毒所、武汉市传染病医院及武汉市疾控中心等单位的临床医学、流行病学、病毒学专家进行会诊，专家从病情、治疗转归、流行病学调查、实验室初步检测等方面情况分析认为上述病例系病毒性肺炎。到目前为止调查未发现明显人传人现象，未发现医务人员感染。目前对病原的检测及感染原因的调查正在进行中。  病毒性肺炎多见于冬春季，可散发或暴发流行，临床主要表现为发热、浑身酸痛、少部分有呼吸困难，肺部浸润影。病毒性肺炎与病毒的毒力、感染途径以及宿主的年龄、免疫状态有关。引起病毒性肺炎的病毒以流行性感冒病毒为常见，其他为副流感病毒、巨细胞病毒、腺病毒、鼻病毒、冠状病毒等。确诊则有赖于病原学检查，包括病毒分离、血清学检查以及病毒抗原及核酸检测。该病可防可控，预防上保持室内空气流通，避免到封闭、空气不流通的公众场合和人多集中地方，外出可佩戴口罩。临床以对症治疗为主，需卧床休息。如有上述症状，特别是持续发热不退，要及时到医疗机构就诊。	武漢市健委會	武汉市卫健委关于当前我市肺炎疫情的情况通报	-	http://wjw.wuhan.gov.cn/xwzx_28/gsgg/202004/t20200430_1199576.shtml	
20191231	TAIWAN	台灣	0		啟動邊境檢疫應變措施，針對中國武漢直航班機進行登機檢疫	有關外傳中國大陸武漢市出現數名肺炎病例，疾病管制署今(31)日已向中國大陸疾控中心及世界衛生組織(WHO)IHR窗口確認疫情訊息，陸方於傍晚回應已派專家赴武漢，進行病原檢測及感染原因調查，並提供武漢市衛生健康委員會12月31日之公布訊息，指出近期當地發現27例肺炎病例，7例病情危重，均已進行隔離治療，有2例病情好轉。臨床表現主要為發燒，少數病人呼吸困難，呈雙肺浸潤性病灶，大部分病例為武漢市江漢區華南海鮮城經營戶，尚未發現明顯人傳人現象及醫護人員感染。陸方表示若有進一步消息，將及時通報我方。 因應中國大陸武漢市之肺炎流行疫情，為防範病例自境外移入，我國已依標準作業程序啟動邊境檢疫應變措施，加強入境旅客之發燒篩檢、落實疑似病例之旅遊史、職業別、接觸史、群聚情形等詢問、健康評估及衛教宣導，評估疫情可有效阻絕於境外，惟為求慎重，自即日起將針對自中國大陸武漢直航入境之班機進行登機檢疫，除主動評估旅客健康情形外，亦於班機上向旅客宣導相關預防措施。 疾管署將持續監視中國大陸武漢之疫情動態，並視疫情狀況調整防治作為，由於目前當地疫情尚未明朗，籲請民眾接獲來源不明或未經證實之疫情資訊，勿隨意散播、轉傳，依據傳染病防治法第63條規定，散播有關傳染病流行疫情之謠言或不實訊息，足生損害於公眾或他人者，最高可科新臺幣三百萬元以下罰金；另依社會秩序維護法第63條第5款規定，散佈謠言足以影響公共安寧者，得處三日以下拘留或新臺幣三萬元以下罰鍰。 疾管署表示，冬季除了是流感流行季節外，也是肺炎好發的時期，提醒民眾務必做好個人手部衛生及咳嗽禮節，儘量避免出入人潮擁擠、空氣不流通的公共場所；近期如曾前往中國大陸武漢地區的民眾，返國10天內若有發燒或急性呼吸道症狀，應主動通報1922防疫專線並戴口罩儘速就醫，就醫時請主動告知旅遊活動史，以及時診斷通報及獲得完善的醫療照護。	衛福部疾管署	因應中國大陸武漢發生肺炎疫情，疾管署持續落實邊境檢疫及執行武漢入境班機之登機檢疫	-	https://www.cdc.gov.tw/Bulletin/Detail/zicpvVlBKj-UVeZ5yWBrLQ?typeid=9	
20191231	TAIWAN	台灣	0		通報 WHO 中國武漢至少有 7 例非典型肺炎病例發生，但並不是 SARS，且病患已進行隔離治療，要求提供進一步資訊		衛福部疾管署	我國通報世界衛生組織(WHO)電郵內容事實陳述之聲明	-	https://www.rti.org.tw/news/view/id/2059326	
20200101	CHINA	中國	?		8 名散布武漢肺炎不實信息者被依法查處		中國青年報		-	https://musou.watchout.tw/read/qtTO5iOHZyTGkct4nIvZ	
20200103	CHINA	中國	?		武漢醫院醫師李文亮因「在網際網路上發布不實言論」而被武漢市公安局提出警示和訓誡		澎湃新聞		-	https://www.thepaper.cn/newsDetail_forward_5716857	
20200105	CHINA	中國	?		武漢累計 59 例不明肺炎，其中最早發病者發病時間為 2019 年 12 月 12 日		武漢市健委會		-	http://wjw.wuhan.gov.cn/xwzx_28/gsgg/202004/t20200430_1199589.shtml	
20200105	WHO	WHO	-	WHO does not recommend any specific measures for travellers, or any travel or trade restrictions. 	不建議限制任何旅遊和貿易	WHO’s recommendations on public health measures and surveillance of influenza and severe acute respiratory infections are unchanged. WHO does not recommend any specific measures for travellers, or any travel or trade restrictions. 	世界衛生組織官方推特		-	https://twitter.com/WHO/status/1213795239464493056	
20200109	CHINA	中國	?		出現首例武漢肺炎死亡案例，官方表示未發現明確人傳人證據		武漢市健委會	专家解读不明原因的病毒性肺炎最新通报	-	http://wjw.wuhan.gov.cn/xwzx_28/gsgg/202004/t20200430_1199592.shtml	
20200109	TAIWAN	台灣	0		接獲中國通知，病原體初步判定為新型冠狀病毒，該病毒不同於以往發現的人類冠狀病毒		衛福部疾管署		-	https://www.cdc.gov.tw/Disease/SubIndex/N6XvFa1YP9CXYdB0kNSA9A	
20200110	WHO	WHO	-		不建議對來往武漢的民眾進行健康篩檢，這通常需要許多資源而且沒什麼優點，也不建議針對中國進行任何的旅遊或貿易限制	WHO does not recommend any specific health measures for travellers. It is generally considered that entry screening offers little benefit, while requiring considerable resources.	世界衛生組織		-	https://www.who.int/news-room/articles-detail/who-advice-for-international-travel-and-trade-in-relation-to-the-outbreak-of-pneumonia-caused-by-a-new-coronavirus-in-china/	
20200111	CHINA	中國	41		武漢官方表示，自 2020 年 1 月 3 日沒發現新病例，且並未發現人傳人證據，也沒有醫護人員感染		武漢市健委會		-	http://wjw.wuhan.gov.cn/xwzx_28/gsgg/202004/t20200430_1199592.shtml	
20200112	WHO	WHO	-		將造成武漢肺炎疫情的病毒命名為「 2019 新型冠狀病毒」（2019-nCOV）	1/12世界衛生組織將造成武漢肺炎疫情的新型冠狀病毒命名 為“ 2019新型冠狀病毒（2019 novel coronavirus, 2019-nCoV）”	衛福部疾管署		-	https://www.cdc.gov.tw/Uploads/f1558deb-5df7-4e9b-8cb8-6b9f287c4d86.pdf	
	CARD				世界各地陸續出現病例，大部分都有中國武漢的旅遊史				-		
20200114	WHO	WHO	-	Preliminary investigations conducted by the Chinese authorities have found no clear evidence of human-to-human transmission of the novel #coronavirus (2019-nCoV) identified in #Wuhan, #China🇨🇳.	根據中國官方調查，目前並無任何人傳人證據	Preliminary investigations conducted by the Chinese authorities have found no clear evidence of human-to-human transmission of the novel #coronavirus (2019-nCoV) identified in #Wuhan, #China🇨🇳.	世界衛生組織官方推特		-	https://twitter.com/WHO/status/1217043229427761152	
20200114	WORLD	泰國	1	A tourist in Thailand has become the first person outside China diagnosed with a new, pneumonia-like virus that has already infected dozens of people.	一名來自中國武漢的女性被診斷出武漢肺炎。是第一位出現在中國以外的病例，據報已影響數十人	A tourist in Thailand has become the first person outside China diagnosed with a new, pneumonia-like virus that has already infected dozens of people.	BBC		-	https://www.bbc.com/news/world-asia-china-51108726	
20200116	WORLD	日本	1		神奈川縣確診首例日本個案，是一名從中國武漢返國的 30 歲男性	１月14日、神奈川県内の医療機関から管轄の保健所に対して、中華人民共和国湖北省武漢市の滞在歴がある肺炎の患者が報告されました。この方については、１月６日にご本人が医療機関を受診した際に、武漢市の滞在歴の申告があり、その後、原因が明らかでない肺炎等の患者に係る、国立感染症研究所での検査制度（疑似症サーベイランス）に基づき報告されたものです。	日本厚生勞動省		-	https://www.mhlw.go.jp/stf/newpage_08906.html	
20200118	CHINA	中國	45		武漢市百步亭社區舉辦「萬家宴」，四萬多個家庭端出自家料理共享	武汉社区办万家宴 4万户家庭共叙邻里情	中國新聞網		-	http://www.chinanews.com/sh/2020/01-19/9064003.shtml	
20200119	CHINA	中國	62		官方媒體表示，Wuhan Virus（武漢病毒）疫情「可防可控」	The National Health Commission (NHC) said Sunday that the pneumonia in Wuhan, capital of Central China's Hubei Province, caused by a new type of coronavirus was still "preventable and controllable," as public voices called for more open and transparent information amid anxiety of expanding transmission during the Spring Festival travel rush.  The National Health Commission (NHC) said Sunday that the pneumonia in Wuhan, capital of Central China's Hubei Province, caused by a new type of coronavirus was still "preventable and controllable," as public voices called for more open and transparent information amid anxiety of expanding transmission during the Spring Festival travel rush.  Chinese observers noted although the source and transmission route of the epidemic was not yet fully understood, the government has proposed many preventative measures and China's notification mechanism for epidemic prevention and control has greatly improved especially since the 2003 SARS outbreak.  A total of 3 billion trips are forecast to be made during the 40-day Chinese Spring Festival rush.  How to control and prevent the spread of the coronavirus in Wuhan, a dense transportation hub and international metropolis with nearly 10 million people, constitutes a test for the city's authorities who earlier on Sunday said they could not rule out the possibility of limited human-to-human transmission.  Sixty-two people are confirmed sick, eight seriously, in Wuhan.  Two people have died from the virus.  New cases peaked Friday, with 17 more and four new cases were reported a day earlier.   Chinese experts stressed that local medical systems and governments should provide timely public updates, respond to queries and break down rumors through open, reliable data.   Concealing the epidemic, like with the earlier period of severe acute respiratory syndrome (SARS) in 2002, risked causing a crisis in public confidence.  Speculation on the outbreak has begun building on Chinese social media ahead of the festival travel rush.   If a government tried to cover up the new cases to "not spoil the atmosphere of the Spring Festival," it would ultimately cause a disastrous blow to its credibility and also trigger a doubling of social panic, they warned.  Strengthened measures   Wuhan has monitored the close contacts of those infected and temperature detection is being conducted in airports and train stations, Wuhan authorities said on Sunday.   Working groups have been sent to all provinces of China to guide prevention and control of pneumonia caused by the new coronavirus, the NHC announced on Sunday night.  The Wuhan coronavirus-related cases have been confirmed in Thailand and Japan. Ninety suspected cases have been reported in Hong Kong.   Vietnam and Singapore have discovered suspected cases too, arousing concerns that Wuhan could have more cases than reported.  The Wuhan virus also coincides with peak season for regular flu and pneumonia, prompting misunderstandings both at home and overseas.   The Sixth Affiliated Hospital of Sun Yat-sen University in Guangzhou, capital of South China's Guangdong Province on Sunday denied rumors that its medical workers may have contracted the new coronavirus.  At least two suspected cases have been reported in Shenzhen, Guangdong, and a third in Shanghai, the Hong Kong-based South China Morning Post reported on Saturday.  The cities' centers for disease control and prevention and the health authorities did not confirm the cases with the Global Times as of press time.  Although even having not confirmed the cases, Shanghai authorities said on Sunday that they have sent special working groups and expert teams to formulate emergency measures and make timely plans.   They said all medical institutions in the metropolis have comprehensively strengthened allocation of pre-examination triage and fever clinics.  The city has increased standardized monitoring, screening, diagnosis, treatment and disposal of suspicious cases to safeguard the health and safety of the public.  The National Health Commission said it had strengthened international cooperation and exchanges with WHO, China's Hong Kong, Macao and Taiwan regions and other related countries.   The coronavirus gene sequence was immediately shared with WHO and the response to the outbreak was "fully recognized" by the organization, the commission said on Sunday.  Not SARS  The pneumonia in Wuhan echoes the SARS epidemic that shook China and the world in 2002-2003.   The SARS virus and the new coronavirus do not share much in terms of medical pathology, but they both damage the lungs, Zhou Zijun, a professor at Peking University's school of public health, told the Global Times on Sunday.   But Zhou said the coronavirus in Wuhan appears to be far less serious than the virus that caused the SARS or the Middle East respiratory syndrome, known as MERS.   Moreover, the coronavirus was not spreading as rapidly, and the death rate was not as high, he noted.  Authorities launched improvements to China's notification mechanism for epidemic prevention and control after SARS, making sure to deploy improved internet communications, Zhou noted.   Departments of disease notification and control deliver daily virus updates and closely monitor the virus through internal communications.  SARS cases in the early days were concealed and the information was delayed, Zhou said, noting that such delays were unlikely to be repeated this time.  It was not simply a matter of discrediting rumors, but a more important task was to strengthen public awareness of prevention, dispel doubts and give the public confidence, said an observer from Beijing, who requested anonymity. 	Global Times		-	https://www.globaltimes.cn/content/1177375.shtml?fbclid=IwAR2o86E8jJFvx7yiqcTmQGy3MqLgh-fgSktkViGKyT2TE_BqEYFEzpRqsIs	
20200120	WORLD	南韓	1		訪韓中國旅客確診感染武漢肺炎，是一名居住在中國武漢的35歲女性	據南韓疾病管理本部20日消息，19日從中國武漢通過仁川國際機場入境的一名中國籍女性被確診感染所謂“武漢肺炎”的新型冠狀病毒肺炎。	韓聯社		-	https://cb.yna.co.kr/gate/big5/cn.yna.co.kr/view/ACK20200120002300881	
20200120	CHINA	中國	198		新型冠狀病毒可人傳人，並已在醫護人員之間傳染	新华社北京1月20日电（记者王秉阳、屈婷）近期，湖北省武汉市等多个地区发生新型冠状病毒感染的肺炎疫情。国家卫健委高级别专家组于20日接受记者采访时表示，新型冠状病毒传染已确认存在人传人和医务人员感染。  　　截至1月20日18时，境内累计报告新型冠状病毒感染的肺炎病例224例，其中确诊病例217例（武汉市198例，北京市5例，广东省14例）；疑似病例7例（四川省2例，云南省1例，上海市2例，广西壮族自治区1例，山东省1例）。日本通报确诊病例1例，泰国通报确诊病例2例，韩国通报确诊病例1例。  　　国家卫健委高级别专家组组长、中国工程院院士、国家呼吸系统疾病临床医学研究中心主任钟南山表示，目前疫情在武汉出现局部暴发的情况，从感染人群的地理分布看，与武汉海鲜市场关系很密切。  　　钟南山表示，目前非常肯定地证实出现了人传人现象。“在广东有2例肯定是人传人，因为他们没去过武汉。但是他的家人得病以后回来传染给了他。”同时，也证实了有医务人员感染。  　　高级别专家组成员、中国疾病预防控制中心流行病学首席科学家曾光表示，目前疫情不断出现新情况，这是传染病流行早期的共同特点。现在采取措施，完全是可以逆转的。  　　钟南山表示，预防和控制最有效的办法是早发现、早诊断，还有治疗、隔离，这是最有效的、最原始的办法。他预估，春节期间得病人数还会有增加。  　　钟南山表示，有信心能控制新型冠状病毒，不会重复17年前的非典。“这次花了2周就定位了新型冠状病毒，再加上我们有很好的监控和隔离的制度，我不相信它会像17年前非典造成的社会影响以及经济的损害。”	新華網		-	http://www.xinhuanet.com/politics/2020-01/20/c_1125487200.htm	
20200121	TAIWAN	台灣	1		首例武漢肺炎確診，是一名曾在中國武漢工作的 50 多歲台商。即日起提升武漢旅遊疫情建議至第三級警告，提醒民眾如非必要應避免前往當地	中央流行疫情指揮中心今(21)日公布我國確診首例境外移入嚴重特殊傳染性肺炎個案，為居住南部50多歲女性，於中國大陸武漢工作，昨日由武漢搭機入境，因有發燒、咳嗽、呼吸急促等症狀，由機場檢疫人員安排後送就醫，X光檢查顯示有肺炎，今日檢驗確認為新型冠狀病毒陽性，持續於醫院負壓隔離病房治療中。由於本個案於下飛機後立即送往醫院隔離病房治療，並未進入社區，請民眾不必恐慌。  指揮中心表示，醫院及地方衛生單位已依循嚴重特殊傳染性肺炎通報個案處置流程進行通報、採檢、隔離治療、疫情調查及所搭班機之46名接觸者追蹤等防治工作，本確診個案須經兩次採檢皆為陰性後才可解除隔離。針對我國出現首例確診個案，指揮中心已同步透過IHR 聯繫窗口通報世界衛生組織及陸方聯繫窗口。  由於武漢病例快速增加，中國大陸傳染病專家已建議民眾儘量勿前往當地；世界衛生組織亦於今日表示，2019新型冠狀病毒可能具持續人傳人能力；而國內業確診首例自武漢返台之境外移入個案，指揮中心宣布自即日起提升中國大陸武漢市旅遊疫情建議至第三級警告(Warning)，提醒民眾如非必要應避免前往當地。  中國大陸新型冠狀病毒感染引發之肺炎疫情已有明顯社區傳播及疫情擴大情形，指揮中心持續統籌整合各部會資源與人力、加強國際機場、小三通港埠之檢疫措施及民眾之風險溝通與衛教宣導，並確保防疫物資整備，以防供應短缺或哄抬之相關假訊息發生，降低民眾恐慌，另針對醫療院所感染管制預作規劃、演練等，減少疫情對國內之衝擊，全力守護國內防疫安全，確保國人健康。  指揮中心再次呼籲，民眾近期前往中國大陸武漢及鄰近區域時，應落實肥皂勤洗手、咳嗽配戴口罩等個人衛生措施，避免接觸野生動物及急性呼吸道感染症患者，也避免出入傳統市場及醫療院所。返國入境時如有發燒、咳嗽等不適症狀，應主動通報機場及港口檢疫人員；返國14日內如出現上述疑似症狀，可撥打免付費防疫專線1922(或0800-001922)並依指示戴上口罩儘速就醫，就醫時請告知醫師旅遊史、職業別、接觸史及是否群聚(TOCC)，以及時診斷通報。其他「嚴重特殊傳染性肺炎」相關資訊，可參閱疾管署網站(https://www.cdc.gov.tw)。  	衛福部疾管署	我國藉由登機檢疫即時發現首例中國大陸武漢移入之嚴重特殊傳染性肺炎個案，指揮中心提升中國大陸武漢之旅遊疫情建議至第三級警告(Warning)	282	https://www.cdc.gov.tw/Bulletin/Detail/6oHuoqzW9e_onW0AaMEemg?typeid=9	
20200121	WORLD	美國	1		華盛頓州確診首例美國個案，該病患近期曾去中國武漢	The Centers for Disease Control and Prevention (CDC) today confirmed the first case of 2019 Novel Coronavirus (2019-nCoV) in the United States in the state of Washington. The patient recently returned from Wuhan, CHINA, where an outbreak of pneumonia caused by this novel coronavirus has been ongoing since December 2019. While originally thought to be spreading from animal-to-person, there are growing indications that limited person-to-person spread is happening. It’s unclear how easily this virus is spreading between people.	美國疾病管制與預防中心		282	https://www.cdc.gov/media/releases/2020/p0121-novel-coronavirus-travel-case.html	
20200122	WHO	WHO	-		在疫情報告中將台灣納在中國轄下，稱為 Taiwan, China (中國台灣)		世界衛生組織官方網站		314	https://www.who.int/docs/default-source/coronaviruse/situation-reports/20200122-sitrep-2-2019-ncov.pdf?sfvrsn=4d5bcbca_2	
20200123	WHO	WHO	-		在疫情報告中將台灣納在中國轄下，稱為 Taipei Municipality（台北直轄市)		世界衛生組織官方網站		581	https://www.who.int/docs/default-source/coronaviruse/situation-reports/20200123-sitrep-3-2019-ncov.pdf?sfvrsn=d6d23643_8	
20200123	CHINA	中國	571		武漢市宣佈封城	为全力做好新型冠状病毒感染的肺炎疫情防控工作，有效切断病毒传播途径，坚决遏制疫情蔓延势头，确保人民群众生命安全和身体健康，现将有关事项通告如下：   自2020年1月23日10时起，全市城市公交、地铁、轮渡、长途客运暂停运营；无特殊原因，市民不要离开武汉，机场、火车站离汉通道暂时关闭。恢复时间另行通告。   恳请广大市民、旅客理解支持！	武漢市新型冠狀病毒感染的肺炎疫情防控指揮部	武汉市新型冠状病毒感染的肺炎疫情防控指挥部＿新型冠状病毒感染的肺炎疫情防控指挥部通告（第1号）	581	https://mp.weixin.qq.com/s/SN3UrB8Y9YMbZUIX8Cc6vA	
	CARD				疫情爆發和擴散，各國政府祭出應對措施，貴為國際公衛組織的 WHO 則建議...						
20200123	WHO	WHO	-		針對武漢肺炎疫情召開會議，認為疫情未達「國際關注公共衛生緊急事件（PHEIC）」，並感謝中國對疫情的控制	On 22 January, the members of the Emergency Committee expressed divergent views on whether this event constitutes a PHEIC or not. At that time, the advice was that the event did not constitute a PHEIC, but the Committee members agreed on the urgency of the situation and suggested that the Committee should be reconvened in a matter of days to examine the situation further.	世界衛生組織官方網站		581	https://www.who.int/news-room/detail/23-01-2020-statement-on-the-meeting-of-the-international-health-regulations-(2005)-emergency-committee-regarding-the-outbreak-of-novel-coronavirus-(2019-ncov)	
20200124	TAIWAN	台灣	1		為確保口罩供應國內所需及確保國人健康，將管制口罩出口	因應武漢肺炎疫情持續升溫，為確保口罩供應國內所需，及確保國人健康，經濟部已於本(109)年1月23日公告，自109年1月24日起至109年2月23日止，為期1個月的期間，CCC6307.90.50.10-6「紡織材料製口罩，過濾效果94%及以上者」及CCC6307.90.50.20-4「其他紡織材料製口罩」管制出口。為了實施該項管制措施，關務署自生效日起，對申報該二項稅號未申報輸出許可證號將不予收單，並加強審核出口報單，以確保口罩供應國內需求及國人健康。倘經海關查獲虛報屬公告不准出口之貨物，將不准出口，並由海關依規定處理。	財政部關務署		846	https://web.customs.gov.tw/News_Content.aspx?n=F55943A3BAA86A6A&sms=1095B63D0846032B&s=251DB53CAA426B67	
20200124	WHO	WHO	-	For the moment, WHO does not recommend any broader restrictions on travel or trade.  We recommend exit screening at airports as part of a comprehensive set of containment measures	不建議限制更多的旅遊和貿易，建議可在機場設置檢疫措施	"For the moment, WHO does not recommend any broader restrictions on travel or trade.  We recommend exit screening at airports as part of a comprehensive set of containment measures"- @DrTedros  on new #coronavirus	世界衛生組織官方推特		846	https://twitter.com/WHO/status/1220413923809251328	
20200127	CHINA	中國	2,741		武漢市長周先旺回應「沒有及時公佈疫情訊息」時表示，地方政府需要獲得中央授權才能披露疫情	作為武漢市長的周先旺在周一（1月27日）下午，接受了中國中央電視台新聞頻道的採訪。在這段以直播形式進行的訪問中，周先旺對信息披露不及時的問題公開回應。  他表示，因為此次新型冠狀病毒肺炎是傳染病，根據中國的《傳染病防治法》，必須「依法披露」。  「作為地方政府，我獲得信息、授權之後才能披露，這一點在當時很多不理解，」周先旺說。  「後來，特別是1月20日國務院召開常務會議……要求屬地負責，在這之後，我們的工作就主動多了，」他說道。	BBC		2,798	https://www.bbc.com/zhongwen/trad/chinese-news-51276069	
20200128	WHO	WHO	-	We appreciate the seriousness with which China is taking this outbreak, especially the commitment from top leadership, and the transparency they have demonstrated, including sharing data and genetic sequence of the virus.	秘書長譚德塞赴中訪問習近平，並讚賞中國對防疫的重視，特別是高層領導和其展現的資訊透明程度	“Stopping the spread of this virus both in China and globally is WHO’s highest priority,” said Dr Tedros. “We appreciate the seriousness with which China is taking this outbreak, especially the commitment from top leadership, and the transparency they have demonstrated, including sharing data and genetic sequence of the virus. WHO is working closely with the government on measures to understand the virus and limit transmission. WHO will keep working side-by-side with China and all other countries to protect health and keep people safe.”	世界衛生組織官方網站		4,593	https://www.who.int/news-room/detail/28-01-2020-who-china-leaders-discuss-next-steps-in-battle-against-coronavirus-outbreak	
20200128	WORLD	德國	1		德國出現首例武漢肺炎，據信是被從中國上海來的同事傳染	Germany's first coronavirus case is human-to-human transmission German man caught virus from Chinese colleague, who visited him from Shanghai and started to feel sick on flight home.	半島新聞		4,593	https://www.aljazeera.com/news/2020/01/germany-european-country-confirm-coronavirus-200128074844874.html	
20200130	WHO	WHO	-		根據現有資訊，不建議各國限制任何旅遊和貿易	The Committee does not recommend any travel or trade restriction based on the current information available.  	世界衛生組織官方網站		7,818	https://www.who.int/news-room/detail/30-01-2020-statement-on-the-second-meeting-of-the-international-health-regulations-(2005)-emergency-committee-regarding-the-outbreak-of-novel-coronavirus-(2019-ncov)?fbclid=IwAR0g4Plccd2X_OOgPIuE8avnOE7ERWD7B9IYUXd02cV02xtOnQJOf6-Zgpw	
20200130	WORLD	南韓	4		向中國緊急提供 500 萬美元的防疫物資	南韓外交部30日表示，決定向中國緊急提供價值達500萬美元的防疫物資，助力中國抗擊新型冠狀病毒感染的肺炎疫情。	韓聯社		7,818	https://cb.yna.co.kr/gate/big5/cn.yna.co.kr/view/ACK20200130006100881	
20200130	WHO	WHO	-		將疫情提升為「國際關注公共衛生緊急事件（PHEIC）」，並感謝中國高層的領導和政治承諾		WHO		7,818	https://www.who.int/news-room/detail/30-01-2020-statement-on-the-second-meeting-of-the-international-health-regulations-(2005)-emergency-committee-regarding-the-outbreak-of-novel-coronavirus-(2019-ncov)	
20200131	WORLD	英國	2		出現首兩位武漢肺炎病例	Two people from the same family have tested positive for coronavirus in the UK, the chief medical officer for England has announced.	BBC		9,826	https://www.bbc.com/news/health-51325192	
20200131	WORLD	美國	6		宣布自 2 月 2 日起，禁止近 14 日內曾到訪過中國的外國人入境美國		BBC		9,826	https://www.bbc.com/zhongwen/trad/world-51335711	
20200131	CHINA	中國	9,720		國家衛生健康委員會通報，確診病例首度突破萬，達 11,791 例		中央社		9,826	https://www.cna.com.tw/news/firstnews/202002010020.aspx	
20200131	TAIWAN	台灣	9		每日釋出約 260 萬片口罩供民生需求，140 萬片供醫療或公務防疫及儲備需求		中央社		9,826		
20200201	WARN				中國確診數突破 1 萬（11,821）例						
20200201	WARN				全球確診數突破 1 萬（11,953）例						
20200203	WORLD	南韓	15		首爾市政府表示，上月 13 至 25 日有 65 位中國武漢旅客下落不明	首爾市政府3日表示，上月13-25日從新型冠狀病毒感染的肺炎疫情發源地中國武漢訪問首爾的205名外國人中，有65人下落不明。	韓聯社		17,391	https://cb.yna.co.kr/gate/big5/cn.yna.co.kr/view/ACK20200203002700881	
20200203	CHINA	中國	17,238		習近平在中央政治局常委會表示，要有效影響國際輿論，講好中國抗擊疫情故事，並加強網路媒體控管，讓網路充滿正能量	第三，占据主动，有效影响国际舆论。国际社会高度关注疫情发展，要主动回应国际关切，讲好中国抗击疫情故事，展现中国人民团结一心、同舟共济的精神风貌。要全面做好同疫情防控相关的外交工作，继续做好同世界卫生组织、有关国家和地区的沟通协调，促进疫情信息共享和防控策略协调，争取国际社会理解和支持。	求是		17,391	http://www.qstheory.cn/dukan/qs/2020-02/15/c_1125572832.htm	
20200203	CHINA	中國	17,238		中方本著公開、透明和負責任的態度同WHO和國際社會加強合作，自 1 月 3 日起，共 30 次向美方通報疫情信息和防控措施，美國政府迄未向中方提供任何實質性幫助	中方本着公开、透明和负责任的态度同世界卫生组织和国际社会加强合作。自1月3日起，共30次向美方通报疫情信息和防控措施。两国疾控中心就疫情相关情况多次进行沟通。美国政府迄未向中方提供任何实质性帮助。	中國外交部		17,391	https://www.fmprc.gov.cn/web/fyrbt_673021/t1739521.shtml	
20200204	TAIWAN	台灣	10		WHO誤植台灣武漢肺炎確診數 13 例，且列在「台北，中國」項下，已表達抗議並要求更正確診數為 10 例及台灣名稱。	中央流行疫情指揮中心今天說，世衛誤植台灣武漢肺炎確診數13例，且列在「台北，中國」項下，已表達抗議並要求更正確診數為10例及台灣名稱。	中央流行疫情指揮中心	中央流行疫情指揮中心	20,630	https://www.cna.com.tw/news/firstnews/202002040105.aspx	
20200204	WORLD	泰國	19		減少醫用口罩出口，防止國內供應短缺，並將口罩和洗手液列為管制商品	泰國內閣2月4日同意採取因應措施，盡可能減少醫用口罩出口，以防止國內供應短缺。  當局同意採取措施，將口罩和洗手液等列為「管制商品」，超過500項醫療相關產品出口須經官方批准，由政府進行分銷與出口，以避免國內口罩短缺和廠商哄抬價格。	中央社		20,630	https://www.cna.com.tw/news/firstnews/202003050149.aspx	
20200205	WHO	WHO	-		宣告需要 6.75 億美金來對抗中國和世界各地的「新型冠狀病毒疫情」	To fight further spread of the new coronavirus (2019-nCoV) outbreak in China and globally, and protect states with weaker health systems, the international community has launched a US$675 million preparedness and response plan covering the months of February through to April 2020.	世界衛生組織官方網站		24,554	https://www.who.int/news-room/detail/05-02-2020-us-675-million-needed-for-new-coronavirus-preparedness-and-response-global-plan	
20200205	WHO	WHO	-		重申呼籲各國不用實施不必要的旅遊和貿易限制，會造成恐懼和污名且對防疫無益	"We reiterate our call to all countries not to impose restrictions that unnecessarily interfere with international travel and trade.   Such restrictions can have the effect of increasing fear and stigma, with little public health benefit"- @DrTedros  #2019nCoV #EB146	世界衛生組織官方推特		24,554	https://twitter.com/WHO/status/1224734993966096387	
20200205	TAIWAN	台灣	11		因中國新型冠狀病毒肺炎個案已超過兩萬例，疫情指揮中心將暫緩中國人入境		衛福部疾管署	2月6日起全中國大陸(含港澳)列二級以上流行地區，居住中國大陸各省市陸人暫緩入境	24,554	https://www.cdc.gov.tw/Bulletin/Detail/d8IEMvgt20oaB7rIu8ygaQ?typeid=9	
20200205	WHO	WHO	-		在疫情報告中將台灣納在中國轄下，並稱為 Taipei and environs (台北及周邊)		世界衛生組織官方推特		24,554	https://www.who.int/docs/default-source/coronaviruse/situation-reports/20200205-sitrep-16-ncov.pdf?sfvrsn=23af287f_4	
20200206	TAIWAN	台灣	11		有中港澳旅遊史入境者，實施居家檢疫 14 天	中國新型冠狀病毒肺炎疫情近日累積確診病例數持續快速上升，截至昨(4)日總病例數已超過兩萬例，範圍涵蓋全部省市自治區，各省市亦陸續出現大規模社區群聚，且各大城市開始執行陸運管制及限制居民移動等介入措施，顯見中國大陸疫情社區傳播範圍可能擴大。考量中國疫情嚴峻且與我國往來密切，中央流行疫情指揮中心今(5)日宣布，自2月6日起，入境民眾如有中港澳旅遊史，需列入居家檢疫對象，但有申請獲准至港澳返國者，須自主健康管理14天，居住地在中國各省市之陸人暫緩入境。  指揮中心表示，香港已發生零星未知來源之社區傳播病例，社區中恐有隱性傳播鏈發生；另澳門近日有博彩業員工感染，當地已發生次波感染，且與中國往來密切，故自即日起提升香港及澳門旅遊疫情建議至第二級：警示(Alert)，提醒民眾至當地應採取加強防護措施。指揮中心將嚴密監控疫情變化，視疫情演變隨時調整流行地區及旅遊建議範圍。   有關自中港澳地區入境之規定，中央流行疫情指揮中心補充說明如下： 一、國人： 自2月6日起，有中港澳旅遊史者，需居家檢疫14天。 申請獲准至港澳入境者，需自主健康管理14天。 二、中國大陸人士：暫緩入境。 三、港澳人士：自2月7日起，入境後需居家檢疫14天。 四、外國人：自2月7日起，14天內曾經入境或居住於中國、香港、澳門的外籍人士，暫緩入境。 五、上述措施將視未來疫情狀況調整更新。	衛福部疾管署	2月6日起全中國大陸(含港澳)列二級以上流行地區，居住中國大陸各省市陸人暫緩入境	28,276	https://www.cdc.gov.tw/Bulletin/Detail/d8IEMvgt20oaB7rIu8ygaQ?typeid=9	
20200206	TAIWAN	台灣	11		口罩販售實名制上路，建議健康民眾及一般學生無須戴口罩，請民眾將口罩留給需要的人，讓資源發揮最大效用。		衛福部官方臉書		28,276	https://www.facebook.com/mohw.gov.tw/posts/1470171086482638	
	CARD				各地武漢肺炎確診數數持續激增，各國政府持續推出因應政策，關於疫情的輿論和亂象四起						
20200207	CHINA	中國	31,211		武漢醫院醫師李文亮感染新型冠狀病毒感染肺炎，於凌晨去世	我院眼科醫生李文亮，在抗擊新型冠狀病毒感染的肺炎疫情工作中不幸感染，經全力搶救無效，於2020年2月7日淩晨2點58分去世，對此我們深表痛惜和哀悼。	武漢中心醫院微博		31,481	https://drive.google.com/drive/u/0/folders/1-CUcuCVTErmTWIyQ7jpd9t4zlWTD3D1K	
20200208	CHINA	中國	34,598		將「新型冠狀病毒感染的肺炎」暫命名為「新型冠狀病毒肺炎」，簡稱「新冠肺炎」	国家卫生健康委关于新型冠状病毒肺炎暂命名事宜的通知。 　　各省、自治区、直辖市人民政府，新疆生产建设兵团，国务院应对新型冠状病毒肺炎疫情联防联控机制成员：现决定将“新型冠状病毒感染的肺炎”暂命名为“新型冠状病毒肺炎”，简称“新冠肺炎”，英文简称“NCP”。国家卫生健康委员会，2020年2月7日。 	中華人民共和國國家衛生健康委員會		34,886	http://www.nhc.gov.cn/xcs/s3574/202002/aa2bccbce4ab4ab19bf394e7fdb6cef3.shtml	
20200211	WHO	WHO	-		將武漢肺炎命名為 COVID-19	🚨 BREAKING 🚨  "We now have a name for the #2019nCoV disease:   COVID-19.   I’ll spell it: C-O-V-I-D hyphen one nine – COVID-19"  - @DrTedros  #COVID19	世界衛生組織官方推特		43,103	https://twitter.com/WHO/status/1227248333871173632	
20200213	TAIWAN	台灣	18		經濟部宣布，口罩禁止出口、政府徵用口罩同步延長到 4 月底		中央社		45,171	https://www.cna.com.tw/news/firstnews/202003050149.aspx	
20200215	WORLD	法國	11		歐洲出現的首位死亡案例，是一名在法國停留的 80 歲中國男性	Coronavirus: First death confirmed in Europe	BBC		50,580	https://www.bbc.com/news/world-europe-51514837	
20200217	CHINA	中國	70,635		中國武漢確診案例激增，出現醫護人員感染	病人激增过程中，医护人员感染的情况开始出现。  武汉市中心医院是当地27家三级甲等医院之一，官网显示，该院职工总数有4300多人。其前身为汉口天主堂医院，有140年的历史，主要有后湖和南京路两个院区，均位于汉口区，两者相距五六公里，其中后湖院区距离华南海鲜市场不到两公里，这也是武汉市中心医院较早接触到新冠肺炎病例的重要原因。  截至2月4日，武汉市中心医院在全市定点医院中，收治的发热病人仅次于金银潭医院，开放床位510张，已用床位525张。然而，在此次参与新冠肺炎救治的过程中，武汉市中心医院的职工中，截至1周多前达到新冠肺炎临床确诊标准的已达230多人，其中130人住院，100多人居家隔离，多位科主任与院领导都“中招”。  这家医院的现状，是此次疫情中武汉市医疗系统的一个缩影。  2月14日，国新办就疫情防控最新进展特别是关爱医务人员举措举行发布会。发布会上，来自国家卫健委的数据是，截至2月11日24时，全国共报告医务人员确诊新冠肺炎病例1716例，其中湖北省1502例，而武汉市的医务人员确诊人数达到了1102例，占湖北的7成多。   艾芬1997毕业于华中科技大学同济医学院后，进入武汉市中心医院工作，现任该院急诊科主任。据她介绍，2019年12月18日，一名65岁的男性个体经营者来到医院南京路院区看急诊。在五天前，他出现发热症状，体温高达39.1℃，发热前有寒战，但无鼻塞、流涕、呼吸困难、咳嗽等症状。此前在12月16日，该男子先是到医院门诊就诊，经过阿莫西林克拉维酸钾、奥司他韦及乐松片等三天对症治疗无好转后被收入急诊病房。急诊科医生给该男子尝试了碳青霉烯类高级的广谱类抗菌素，依然无任何好转迹象，而其肺部感染表现为“双肺多发散在斑片状模糊影”。  12月22日，该男子转入该院呼吸科救治，12月25日转入同济医院，再之后，转入专门收治传染病人的金银潭医院。在后来的追溯过程中，艾芬了解到，该男子是华南海鲜市场的一个送货员。  12月27日，艾芬接诊了第二例此类病人，是一名40多岁来自武汉远郊区的年轻人，无华南海鲜市场接触史，在当地诊所治疗了一周多，高烧不退，肺部感染严重，指脉氧为90%。这个年轻人随后被收入呼吸科，做了纤维支气管镜与肺泡灌洗液检验。12月30日，送检的结果出来，该男子感染的是一种冠状病毒。看到化验单上标注有“SARS冠状病毒”字样，艾芬感到“很可怕”，第一时间向医院公共卫生科和院感部门报告，但医院有没有再向上级疾控部门报告，她并不清楚。  这份检测报告，于12月30日下午被该院眼科医生李文亮发在同学微信群里，并被大量转发。艾芬称，当时大学同学私下问她关于冠状病毒的消息，她就把检测报告发了过去，并特别用红圈对“SARS冠状病毒”进行了标注，但不知这份报告后来是怎样流出去的。  几乎同时，12月28日，医院后湖院区急诊科接诊了4例和华南海鲜市场有关的发热病人。到2020年1月1日前后，医院共收治了7例“不明原因肺炎”病例。12月29日，艾芬所在的急诊科向医院公共卫生科上报了这7例发热病人中急诊科收治的4例。公共卫生科回复称，已上报江汉区疾控中心。江汉区疾控中心说，湖北省中西医结合医院与武汉市红十字会医院之前也已接到类似病例。在急诊科上报的4例病例中，有一对母子，儿子在华南海鲜市场工作，母亲去海鲜市场送饭，并没有接触过华南海鲜市场的物品，但依然染病，而且病情较重，艾芬当时就推断，这个病可能“人传人”。  1月1日凌晨，后湖院区急诊科又收到了一位由武汉市红十字会医院转入的65岁男子。该男子在华南海鲜市场附近开诊所，最近收治了很多发热病人，之后自己也有了症状，病情严重。艾芬分析认为，这位诊所老板的病很可能就是他诊所的病人传给他的。  1月1日，她再次向医院公共卫生科和医务处报告了该诊所老板收治了多例病人的相关消息，希望能够引起重视。她担心，“一旦急诊科医生或者护士被感染得病了，就很麻烦”。  12月31日，武汉市卫健委通报了27例“不明原因病毒性肺炎”的相关情况，称到目前为止未发现明显人传人现象，未发现医务人员感染。就在这天凌晨，李文亮受到了市卫健委和医院的警告和批评。1月1日，武汉市公安局发布通报，称有8人因“发布、转发不实消息”而遭传唤。  1月1日晚将近12点，艾芬也接到了医院监察科的信息，要求其第二天到监察科谈话。1月2日，在和监察科纪委谈话过程中，领导批评她“作为专业人士没有原则，造谣生事，你们这种不负责任的行为导致了社会恐慌，影响了武汉市发展、稳定的局面。”艾芬提及了这个病可以人传人，但没有获得任何回应。  1月2日起，医院要求医务人员之间不许公开谈及病情，不得通过文字、图片等可能留存证据的方式谈论病情，病情只能在交接班必要的时候口头提及。对于前来就诊的患者，医生们也只能讳莫如深。  林媛是武汉市中心医院的一名护士，在1月初听到这一疾病的相关消息后，只能隐晦地提醒身边亲友，要戴口罩。  在和医院反映情况无果后，1月1日起，艾芬只得要求自己科室的医护人员先戴起了N95口罩。   1月1日后，武汉市中心医院接收到的发热患者愈发增多，像“火山喷发”一样。艾芬所在的急诊科在1月的第一个星期内，先将后湖院区急诊外科病房改造成呼吸科隔离病房，有20张左右的床位。第二周，又改造了急诊内科病房，随后，南京路院区也将急诊病房改造成隔离病房。随着病人越来越多，所有的隔离病房都逐步搬到别处，急诊内外科的病房又改成留观门诊，一共能接纳五十多个病人，但依旧无法满足激增的患者。  倪芳是医院呼吸与危重症医学科专科护士长。1月10日，她所在科室的病房也被征用，开设了22张床位，当天床位就全部收满，她所负责的病房一直处于满员状态。  1月中下旬起，武汉市中心医院步入收治新冠病人的顶峰期，一床难求的状态一直持续到了2月初。艾芬称，急诊量和发热门诊总计达1524人，其中发热病人655人。如果按照现在湖北省临床确诊标准来讲，这1524人中，90%左右都是新冠肺炎患者。而在疫情发生前，中心医院的日均急诊量为550例左右。  病人激增过程中，医护人员感染的情况开始出现。1月10日，急诊科发现了医护人员被感染的第一个病例，是后湖院区的一名护士。“我们后来分析，她可能是口罩没有戴好，”艾芬说。  1月1日，急诊科医护人员开始戴口罩。1月10日，穿上了隔离衣。再过几天，防护等级升高，穿上了防护服。但感染的医护人员在不断增加。该院急诊科共有200名医护人员，包括50名医生，150名护士。到目前为止，急诊科医护人员CT显示肺部感染、临床诊断确诊的有30多人，核酸检测呈阳性的有7个，艾芬的团队处在“边战斗，边倒下，边补充的状态”。  艾芬分析说，急诊科医护人员感染的原因主要在于其工作强度大，急诊室空间有限，临时搭建的穿脱防护服的地方也不很规范。“突然来了这么多病人，还有家属，围着我们，空气中的病毒的密度太大了”，“护士给病人进行打针、抽血等操作时，因为近距离接触，导致了感染。”不过，好在急诊科病情严重、住院的医护人员并不多。  倪芳称，她所在的呼吸科从1月初就对这一疾病保有着警觉，“我们科室要求口罩都要戴好，勤洗手，要用手消”，在进驻隔离病房后，先后穿上了隔离衣、防护服。该院呼吸与危重症医学科医护人员总计160人左右，感染的人数大约有16个。  但并不是所有科室都有这样的防护意识和装备。李文亮是武汉市中心医院较早的感染者之一。他是在1月8日接诊一位82岁的女性青光眼患者后被感染的，接诊时“没有做特殊防护，病人来的时候也没发热，就大意了。”  据《中国新闻周刊》了解，武汉市中心医院感染的医护人员遍布甲状腺乳腺外科、泌尿外科、心胸外科、血管外科、神经内科、消化内科、眼科等各个科室，其中不少是科室主任。在眼科医生李文亮患病后不久，该科一名副主任也被感染，目前在金银潭医院插管救治。  甲乳外科主任1月16日左右做肺部CT显示出症状，而两天前他还在给患者做手术。心胸外科一名副主任医师1月22日在一场主动脉手术未做完时，就出现了畏寒的症状，手术后测体温出现了高烧，其所在科室同事推测称，该医生是在手术前后和患者、患者家属谈话时近距离接触感染的。被感染且病情较重的还包括一名泌尿外科主任医师，其中三名医生都在武汉市肺科医院救治，最重的还用上了ECMO进行抢救。此外，这次被感染的还有医院的三位副院长，其中一位副院长病情较重。  据统计，武汉市中心医院截至1周多前达到新冠肺炎临床确诊标准的职工已达230多人，其中130人住院，100多人居家隔离。  “最开始可能只有部分科室对疾病的信息了解多一点，比如说急诊科、呼吸科，而别的科室不一定知道，”艾芬说。而且，在1月15日之前，新冠病毒“未明显人传人”的说法广为传播，让前来看病的民众与其他科室的医护人员都放松了警惕。  王宇是武汉市中心医院儿科医生，平时也会接诊很多传染病患者。他告诉《中国新闻周刊》，1月初他就听说了医院有收治这类病人的消息，但对于新冠病毒到底多大的传染性、毒力强弱并不了解，因此，包括他在内的很多医生最初只是戴了一层口罩简单防护。而对于很多不接触呼吸道传染病的外科科室来说，可能平时看病连口罩都不戴。  中心医院护士李媛所处的是非发热门诊这样的一线科室。1月16日，她所在科室的一位病人CT显示疑似感染，她和同事这才警觉危险就在身边。  多位受访者称，大约在1月15日后，随着身边相继有“战友”倒下，医院内的医护人员对这一疾病变得重视起来，开始加强防护。心胸外科在这前后自购了一批N95口罩。王宇大约在这个时间听说了武汉协和医院已有多名医护人员感染。1月17日，医院开了院感会，下发了关于这一疾病的一些相关资料。也在这天前后，武汉同济医院发热门诊穿隔离衣、防护服的短视频在网上热传。   17年前的“非典”，武汉并不是重灾区。看到这样“全副武装”的视频，武汉市中心医院疼痛科主任蔡毅起初还是感到奇怪，“即便当时有防护意识也不知道要穿防护服”，“同济接收了很多发热病人，他们可能更早意识到这个问题。”  艾芬称，当年非典，她还在心内科，当时只强调多通风、戴口罩，也没有戴N95，身边好像没有一个人倒下。  在院感会后，王宇上班开始穿隔离衣。但隔离衣、防护服并不是所有科室都能有。王宇说，“有可能接触感冒、发热、咳嗽这类病人的科室应该都是配了”。艾芬觉得这也没有办法，毕竟这类防护物资不是那么多，难以做到每人一件，只能优先保证重点科室。李媛所在科室的监护室收治了一名疑似的新冠病人，同事问能否配发防护服，医院则害怕医生如此穿着，会引起病人恐慌，并称还没有到防护级别。  1月21日，护士赵刚去隔离病房支援，在那里，他见到了正住院治疗的李文亮以及其他本院工作人员。当时，他所在病区收治的院内职工已经有20余位。1月22日，汉口医院成为专门收治发热病人的定点医院，中心医院收治的病人暂时向汉口医院转移。在汉口医院，赵刚见到中心医院院内疑似感染的职工差不多已有40位。而在最近十来天，在医护人员做好防护，且就诊人数开始减少时，艾芬称，医院医护人员的新增病例也变少很多了。  从1月21日起到1月底，武汉市政府先后征用了三批共23家医院作为收治发热病人的定点医院，以缓解武汉市仅有的两家专门传染病医院——武汉市肺科医院、金银潭医院的压力。武汉市中心医院后湖院区作为第二批被征用的三家医院之一，进行了病房改造，从1月27日左右开始集中收治病人。医院绝大部分专科门诊也先后停诊，集全院主力，前来支援。  1月29日，福建与甘肃两个援鄂医疗队进驻武汉市中心医院，分别接管了后湖院区的一个和两个病区。但2月2日，福建医疗队“转战”武汉市金银潭医院，甘肃省医疗队成了中心医院的唯一外援。该省医疗队有100多人，负责两个病区的80多名病人。中心医院绝大部分的病人救治还是要靠自己的人力。  大量的人力投入也带来了巨大的物资消耗。赵刚记得，1月21日早上，他到南京路院区隔离病房支援时，还有医用级的3M口罩可以戴，到晚上，口罩的量就不是那么充足，“护士长说，后面的物资不知道什么时候可以到”。1月22日，防护服、口罩的级别、质量就变得差一些，此后每天的物资就有了微妙的变化。  倪芳称，过年前，物资方面还可能有一些储备，医院有些渠道可以采购，但随后随着武汉封城，过年期间工人休息，物资难以供应，一些不符合医用标准、质量差的防护物资也只能先收下来，择优使用。过年前后，口罩、防护服在重点科室还可以保证有，后来病房越开越多，变得供不应求。由于没有医用级别的口罩，倪芳只能在工业口罩外加戴一层外科口罩，这样的做法维持了有半个月。  1月23日，武汉市中心医院发出了向社会求助捐赠物资的公告。2月10日，在李文亮去世三天后，中心医院再次向社会求助，而由于受李文亮事件的影响，一些网友也发出不再向中心医院捐物资的声音。记者了解到，中心医院物资来源主要是社会捐赠，通过武汉疫情防控指挥部调拨获得的数量不多。记者致电武汉市红十字会与指挥部宣传部。红十字会称，他们只负责物资的筹集，分配由防疫指挥部下设的应急保障组负责。而指挥部宣传部称，应急保障组不接受记者的采访。  医院一名负责物资筹集的工作人员在2月11日接受《中国新闻周刊》采访时称，物资目前只能按照以天为单位供应，也还是只能优先保障一线科室，而且物资医院自身也难以采购到。“但这个病有潜伏期，其他普通科室也需要防护。”倪芳说。  物资的消耗是巨大的。倪芳称，以呼吸科在后湖院区最先开设的三个病区为例，三班倒，护士医生查房，每天消耗防护服、口罩等一套完整防护装备的数量是100套。《中国新闻周刊》获得的一份武汉市中心医院物资需求清单显示，该院医用防护服每天消耗量为2280件，N95口罩4560个，一次性隔离衣4560件，防护面屏2280个。但2月14日，倪芳在接受《中国新闻周刊》采访时称，过去两天，由于没有隔离衣穿，只能将质量不好的防护服当作隔离衣，再在外面穿一件防护服。赵刚说，由于防护服质量不好，表面有沙眼，只能用胶带粘裹住，而且有些防护服穿上一蹲下来打个针就破了。而因为面屏、鞋套不足，医院医护人员还不时有拿黄色塑料袋套在头上、脚上替代的现象。倪芳称，近日医院物资又筹集到了一部分，短缺的状况暂时得到缓解。  艾芬说，由于方舱医院、火神山医院开始接收病人，过去一两周，中心医院急诊病人的数量也开始下降。2月13日，后湖院区发热门诊量只有400多，南京路院区只有几十个，而且很大一部分是之前积压的不重的病人来做核酸检测的。但床位依然很紧张，甚至是超负荷运转的状态。  赵刚说，2月12日，医院一位医生想要住进来，也要等床位。而医疗设备的欠缺也是中心医院面临的难题，疼痛科主任蔡毅说，他所在的病区有4~5个重症患者，呼吸不畅，需要上呼吸机，但他的病区只有一两台这样的机器，其他病区有的甚至一台都没有。  但医院对病人的收治还在继续。经过调整，倪芳所在的病区床位最近从22张增加到40张，集中收治重症患者。据了解，中心医院后湖和南京路院区还将总计增加300张床位，“还有很多病人没收进来”，艾芬说。  让倪芳感到有些欣慰的是，2月14日，医院又给她调配了10个护士，这意味着，她的部分同事可以轮换休息一段时间了。  （应受访者要求，文中李媛、赵刚、王宇为化名）	新浪新聞	China_新浪新聞_中國新聞周刊亲历者讲述：武汉市中心医院医护人员被感染始末	71,429	https://news.sina.cn/gn/2020-02-17/detail-iimxyqvz3653366.d.html?from=wap	
20200217	WHO	WHO	-		秘書長譚德塞表示，採取「全面措施」來因應武漢肺炎疫情沒幫助。		WHO		71,429	https://www.who.int/docs/default-source/coronaviruse/who-audio-emergencies-coronavirus-full-press-conference-17feb2020-final.pdf?sfvrsn=d033e2c4_0	
20200218	TAIWAN	台灣	22		日本橫濱港的鑽石公主號郵輪確診病例共 445 人，我國籍旅客有 4 人確診，將包機返台隔離檢疫，該郵輪自即日起列為武漢肺炎感染區	中央流行疫情指揮中心今(18)日表示，鑒於日本橫濱港的鑽石公主號郵輪確診病例數逐日攀升，且船上我國籍旅客亦已有4人確診。為維護國人安全並保障國人回國權益，指揮中心宣布，該郵輪自即日起列為武漢肺炎感染區，船上所有我國籍乘客(含旅客及工作人員)如欲返國，必須依指揮中心安排統一搭乘包機回台，並遵守相關隔離檢疫措施。  指揮中心指出，目前停泊日本橫濱港的鑽石公主號郵輪，截至目前日方已採檢1,723件檢體，共445人確診感染COVID-19(武漢肺炎)，其中192人採檢時無症狀。  指揮中心強調，依據「傳染病防治法」第58條規定，主管機關對自感染區入境、接觸或疑似接觸之人員、傳染病或疑似傳染病病人，得採行居家檢疫、集中檢疫、隔離治療或其他必要措施。違反上列相關規定者，將依傳染病防治法第69條第1項，最高可處新台幣15萬元罰鍰。	衛福部疾管署	日本鑽石公主號列武漢肺炎感染區，我國旅客將包機返台隔離檢疫	73,332		
20200222	WORLD	義大利	9		歐洲出現首位因武漢肺炎死亡的當地人病例，該例為義大利的 77 歲男性	The victim was a female resident in Milan's Lombardy region, ANSA said. Her reported death comes hours after a 77-year-old man died overnight near Padua, in the nearby Veneto region. He was the first local person in Europe to die from the coronavirus.	France24		77,794	https://www.france24.com/en/20200222-first-coronavirus-death-in-europe-sends-italian-towns-into-lockdown	
20200223	CHINA	中國	77,042		官媒《環球時報》表示，有些國家防疫太慢，可以參考中國經驗		環球時報		78,811	https://opinion.huanqiu.com/article/9CaKrnKpxZm	
20200224	TAIWAN	台灣	28		將南韓旅遊疫情升至第三級警告，非必要勿前往，如入境需進行 14 天居家檢疫	中央流行疫情指揮中心今(24)日表示，南韓近期病例數大幅增加已達763例，出現教會及醫院大型群聚，已進入社區傳播階段；另已指定大邱市、慶尚北道清道郡為特別管理地區。鑒於國人至當地感染的風險提高，故指揮中心宣布即日起提升該國旅遊疫情建議至第三級：警告(Warning)，提醒民眾避免至當地所有非必要旅遊。  此外，指揮中心亦同時宣布，自2月25日零時起，自南韓入境的外籍人士，需進行14天居家檢疫；本國籍人士於2月25日、26日自南韓入境者，須落實14天自主健康管理，另自27日零時起入境之本國籍人士則實施14天居家檢疫。  發佈日期 2020/2/24	衛福部疾管署	南韓旅遊疫情建議升至第三級警告，非必要勿前往	79,331	https://www.cdc.gov.tw/Category/ListContent/EmXemht4IT-IRAPrAnyG9A?uaid=fr02smER9dyULTab3j6dSQ	
20200225	WHO	WHO	-		高級顧問 Bruce Aylward 在北京舉行記者會表示，世界欠了武漢人民	2月24日晚，中国一世界卫生组织新冠肺炎联合专家考察组在北京举行新闻发布会。考察组外方组长，世卫组织总干事高级顾问布鲁斯·艾尔沃德称，“我们要认识到武汉人民的贡献，世界欠你们的”。 	新浪網		80,239	https://finance.sina.com.cn/china/gncj/2020-02-24/doc-iimxxstf4071639.shtml	
20200226	WARN				南韓確診數突破 1 千（1,261）例		WHO疫情報告				
20200226	WORLD	南韓	1,261		實施口罩與洗手液緊急供需調整措施，規定口罩出口至多一成，五成以上用於公眾	南韓食品醫藥品安全處處長李儀卿宣布，2月26日零時起實施口罩與洗手液緊急供需調整措施，規定口罩出口至多一成，5成以上用於公眾。  公共銷售量首先分配給嚴重災區、醫務人員、弱勢群體、危險性高的工作崗位。	中央社		81,109	https://www.cna.com.tw/news/firstnews/202003050149.aspx	
20200226	WHO	WHO	-		高級顧問 Bruce Aylward 公開讚揚中國知道如何保護人民生命，表示自己若感染想在中國治療	（中央社記者唐佩君布魯塞爾25日專電）世界衛生組織高級顧問艾沃德繼昨天指稱這次疫情全世界都欠武漢之後，面對中國已2666人死亡，今天再讚揚中國知道如何保護人民生命，表示自己若感染想在中國治療。  世界衛生組織（WHO）本月中旬派國際專家前往中國了解2019年冠狀病毒疾病（COVID-19，武漢肺炎）疫情，率領專家小組的艾沃德（Bruce Aylward）昨天在北京記者會表示，中國的（防疫隔離）事實證明成功，他想對武漢人說「全世界都欠你們」。  疫情蔓延到愈來愈多國家，先前世衛秘書長譚德塞（Tedros Adhanom Ghebreyesus）多次表達對中國防疫能力充滿信心及疫情相當透明等挺中言論，引發外界批評。  艾沃德北京記者會結束後搭機返回歐洲，他今天下午在日內瓦召開記者會，說明訪問中國心得時，再度肯定中國應付疫情爆發採取的積極措施，認為大規模的行動改變了疫情的進程。  他還表示，許多人印象中認為中國醫療設備欠缺，但這次看了中國動員投入的程度後，「如果我感染病毒，我想在中國得到治療」，中國知道如何保護人民生命。  根據世衛今晚公布的疫情報告，中國迄今死亡人數已達2666例。   不過，外媒批評艾沃德曾前往武漢，卻未遵守隔離檢疫14天才能離境的規定，就搭機離開中國，他昨天表示，前往中國時未前往「髒區」（dirty areas），今天媒體則直接問他出席記者會為何未戴口罩，為此他展開辯護。  艾沃德說，他沒有感染病毒，回日內瓦前還接受檢測，因此風險很低，並舉例如何小心行事且沒有暴露在風險中，包括沒接觸病人、沒有與有接觸史者直接接觸、因中國政策規定所以在中國全程戴口罩、更誇張的說每3秒就洗一次手。  他指出，在中國時保持社交距離，在車上及火車上座位是一人一排、要大聲說話對方才聽的見，因此他聲音已經沙啞，而且因為餐廳都沒開，大家都是單獨在飯店房間用餐，就算開會也是一人一張桌子開麥克風對話。  此外，他強調，就算到醫院，因醫院有分乾淨、灰色及髒區，他們都待在乾淨區，「若有傳染風險，就不會坐在這裡」。  艾沃德肯定中國之際，另表示，目前世界其他地方對疫情還沒有準備好，呼籲各國應為重病患者準備好病床，隔離區和呼吸器。  他說，必須與民眾做好溝通，展開疫情彷佛明天就會來臨的準備，告訴民眾要勤洗手，而不是去買口罩。（編輯：陳永昌）1090226	中央社	指全世界欠武漢 世衛專家：若我感染想在中國治療	81,109	https://www.cna.com.tw/news/firstnews/202002260020.aspx	
20200227	TAIWAN	台灣	32		將義大利旅遊疫情升至第三級警告，非必要勿前往，如入境需進行 14 天居家檢疫	中央流行疫情指揮中心今(27)日表示，義大利近期COVID-19(武漢肺炎)病例數及死亡病例快速增加，鑒於國人至當地感染的風險提高，指揮中心宣布今日起提升義大利旅遊疫情建議至第三級：警告(Warning)，提醒民眾非必要勿前往。此外，指揮中心亦同時宣布，自台灣時間2月28日零時起，14天內有義大利旅遊史者(不含轉機)，入境後需進行14天居家檢疫。  指揮中心指出，義大利目前確定病例數已達400例，12例死亡，病例擴及9個大區，且逾9成病例目前尚未釐清感染源，評估已有社區傳播，並已輸出病例至法國、北馬其頓、希臘、巴西、西班牙、瑞士、阿爾及利亞、克羅埃西亞、奧地利及德國共10國計18例。義大利已宣布對發生不明感染源個案之城市或地區採取停班停課、暫停公眾活動、限制交通等防治措施。  因應國際武漢肺炎疫情發展，指揮中心目前已將中國大陸(含港澳)、南韓、義大利列旅遊疫情建議列第三級警告；日本、新加坡、伊朗列第二級警示；泰國列第一級注意。指揮中心將嚴密監控疫情變化，隨時調整防治策略及旅遊疫情建議等級。	衛福部疾管署		82,294	https://www.cdc.gov.tw/Category/ListContent/EmXemht4IT-IRAPrAnyG9A?uaid=fgnEv3Sj_CfbdXD0OfWoXA	
20200301	WORLD	美國	62		出現首位死亡病例	Coronavirus: US confirms first death, in Washington state	BBC		87,137	https://www.bbc.com/news/world-us-canada-51692577	
20200302	WARN				中國確診數突破 8 萬（80,174）例						
20200303	WHO	WHO	-		呼籲不要將病毒和地名或族裔連結，像是武漢病毒、中國病毒或亞洲病毒	DO - talk about the new #coronavirus disease (#COVID19)  DON'T - attach locations or ethnicity to the disease, this is not a “Wuhan Virus”, “Chinese Virus” or “Asian Virus”. The official name for the disease was deliberately chosen to avoid stigmatization  http://bit.ly/32HZe0q	世界衛生組織官方推特		90,869	https://twitter.com/WHO/status/1234604060420005888	
20200304	WORLD	俄羅斯	3		禁止包括口罩、塑膠鞋套、手套、外科刷手消毒液、防毒面具、防護服等17種醫療用品出口				93,091	https://www.cna.com.tw/news/firstnews/202003050149.aspx	
20200304	WORLD	德國	196		禁止輸出各類醫療防護用品，例如口罩、手套和隔離衣等，但國際援助任務不在此限				93,091	https://www.cna.com.tw/news/firstnews/202003050149.aspx	
	CARD				全球確診數在一個月內突破100萬名病例，多位國際名人確診						
20200307	WARN				全球確診數突破 10 萬（101,927）例						
20200307	WHO	WHO	-		秘書長譚德塞感謝中國捐贈約 6 億台幣給世界衛生組織共同對抗武漢肺炎。當天 WHO 也仍拒絕宣布疫情已進入「大流行（pandemics）」階段。認為一旦宣布可能會令全球受到驚嚇，並使部分國家放棄防疫。				101,927		
20200308	CHINA	中國	80,859		赴中國考察專家組負責人 Bruce Aylward：全世界真的欠了武漢人民的情，我想讓武漢人民知道，世界知道你們所做的貢獻	人民網北京3月8日電 “我覺得全世界真的欠了武漢人民的情，我想讓武漢人民知道，世界知道你們所做的貢獻”，世界衛生組織赴中國考察專家組負責人布魯斯·艾爾沃德近日在日內瓦接受中央廣播電視總台記者田薇從北京發起的視頻連線專訪時說。艾爾沃德在專訪中談到自己的武漢經歷時表示，武漢市參與疫情防控的工作人員和普通市民所付出的努力以及表現出來的責任感讓他動容。    照片為2月25日，布魯斯·艾爾沃德在世衛組織日內瓦世衛組織總部舉行的記者會上介紹中國—世界衛生組織新冠肺炎聯合專家考察組在中國的考察情況。  布魯斯·艾爾沃德是現任世界衛生組織流行病學專家兼聯合專家考察組外方組長。2月下旬，他帶領專家組在中國廣州、武漢等地進行了為期9天的考察。此后，艾爾沃德在多個場合贊揚了中國採取的疫情防控措施，並對中國參與疫情防控的醫療工作人員和相關機構表達了欽佩之情。  “武漢帶給我的更多是一種鼓舞”  艾爾沃德隨世衛赴中國考察專家組在武漢度過了36個小時，武漢市民的率真坦承給他留下了深刻的印象。他表示，疫情給武漢市和武漢市民造成的傷痛“令人心碎”。“但武漢不止如此，武漢帶給我的更多是一種鼓舞。不管我和誰交談，翻譯、火車站工作人員都傳達給我同一個信息，那就是，‘抗擊疫情是我們的職責，必須要做的’。”    圖片為艾爾沃德接受中央廣播電視總台的視頻連線專訪截圖。  艾爾沃德介紹，為了盡可能全面了解武漢的應對措施以及武漢到底發生了什麼，考察專家組在武漢接觸了很多奮戰在疫情防控一線的工作人員。他們見到了當地的負責人以及在基層做追蹤接觸感染者的工作人員。他們還去了體育館改造的方艙醫院，採訪了負責輕微病例和治療重症的醫生，還有在發燒門診忙碌的護士。艾爾沃德說，疫情以來，這些人長時間不懈怠地抗擊疫情是一件很難做到的事。  “我親眼看到了他們身上表現出來一種巨大的責任感”  “這幾周以來我每晚隻睡兩三個小時，但中國的同事們，比我要辛苦得多的多，我經常跟我日內瓦的同事們講起這個細節：在中國考察的時候，每次坐飛機、火車、小巴士或者面包車上，想找中國同事問點兒事情，回頭一看，卻發現很多人都在瞇著眼睛休息，因為他們實在太累了，工作的強度大、時間長，所以他們要抓住任何補覺的機會。”  艾爾沃德說：“我親眼看到了他們身上表現出來一種巨大的責任感，要保護自己的家庭、自己的社區，甚至是全世界遠離疾病的侵害，這讓人動容。”  “我覺得全世界真的欠了武漢人民的情”  艾爾沃德贊揚了武漢那些為了疫情防控而把自己宅在家裡的普通市民。他說：“我對武漢人民和整個中國社會產生了深深敬佩之情。那些連續幾個禮拜把自己宅在家裡的人，也是這次疫情中的英雄。我也見到了幾位這樣的普通人，他們說宅在家裡是分內之事。我認為這是很有力的。”  “我覺得全世界真的欠了武漢人民的情，我想讓武漢人民知道，世界知道你們所做的貢獻，我們正在跟世界分享你們的故事，你們正在做的事情非常重要。”  採訪最后，艾爾沃德說：“雖然我離開了中國，但是我的心有一部分留在那裡。此時的武漢，讓人無法不對它產生感情。”  （人民網記者王政淇根據中央廣播電視總台視頻節目編發）	人民網	世衛專家：全世界真的欠了武漢人民的情	105,586	http://politics.people.com.cn/BIG5/n1/2020/0308/c1001-31622252.html	
20200311	WHO	WHO	-	COVID-19 can be characterized as a pandemic. 	宣告 COVID-19 疫情為「全球大流行（pandemics）」	宣告全球大流行 Good afternoon.  In the past two weeks, the number of cases of COVID-19 outside China has increased 13-fold, and the number of affected countries has tripled.    There are now more than 118,000 cases in 114 countries, and 4,291 people have lost their lives.   Thousands more are fighting for their lives in hospitals.  In the days and weeks ahead, we expect to see the number of cases, the number of deaths, and the number of affected countries climb even higher.  WHO has been assessing this outbreak around the clock and we are deeply concerned both by the alarming levels of spread and severity, and by the alarming levels of inaction.  We have therefore made the assessment that COVID-19 can be characterized as a pandemic.   Pandemic is not a word to use lightly or carelessly. It is a word that, if misused, can cause unreasonable fear, or unjustified acceptance that the fight is over, leading to unnecessary suffering and death.  Describing the situation as a pandemic does not change WHO’s assessment of the threat posed by this virus. It doesn’t change what WHO is doing, and it doesn’t change what countries should do.  We have never before seen a pandemic sparked by a coronavirus. This is the first pandemic caused by a coronavirus.  And we have never before seen a pandemic that can be controlled, at the same time.    WHO has been in full response mode since we were notified of the first cases.    And we have called every day for countries to take urgent and aggressive action.  We have rung the alarm bell loud and clear.   ===  As I said on Monday, just looking at the number of cases and the number of countries affected does not tell the full story.  Of the 118,000 cases reported globally in 114 countries, more than 90 percent of cases are in just four countries, and two of those – China and the Republic of Korea - have significantly declining epidemics.   81 countries have not reported any cases, and 57 countries have reported 10 cases or less.  We cannot say this loudly enough, or clearly enough, or often enough: all countries can still change the course of this pandemic.   If countries detect, test, treat, isolate, trace, and mobilize their people in the response, those with a handful of cases can prevent those cases becoming clusters, and those clusters becoming community transmission.  Even those countries with community transmission or large clusters can turn the tide on this virus.   Several countries have demonstrated that this virus can be suppressed and controlled.   The challenge for many countries who are now dealing with large clusters or community transmission is not whether they can do the same – it’s whether they will.    Some countries are struggling with a lack of capacity.   Some countries are struggling with a lack of resources.   Some countries are struggling with a lack of resolve.  We are grateful for the measures being taken in Iran, Italy and the Republic of Korea to slow the virus and control their epidemics.   We know that these measures are taking a heavy toll on societies and economies, just as they did in China.  All countries must strike a fine balance between protecting health, minimizing economic and social disruption, and respecting human rights.  WHO’s mandate is public health. But we’re working with many partners across all sectors to mitigate the social and economic consequences of this pandemic.  This is not just a public health crisis, it is a crisis that will touch every sector – so every sector and every individual must be involved in the fight.   I have said from the beginning that countries must take a whole-of-government, whole-of-society approach, built around a comprehensive strategy to prevent infections, save lives and minimize impact.  Let me summarize it in four key areas.   First, prepare and be ready.  Second, detect, protect and treat.  Third, reduce transmission.  Fourth, innovate and learn.   I remind all countries that we are calling on you to activate and scale up your emergency response mechanisms;  Communicate with your people about the risks and how they can protect themselves – this is everybody’s business;   Find, isolate, test and treat every case and trace every contact;  Ready your hospitals;  Protect and train your health workers.   And let’s all look out for each other, because we need each other.  ===   There’s been so much attention on one word.   Let me give you some other words that matter much more, and that are much more actionable.  Prevention.   Preparedness.   Public health.  Political leadership.   And most of all, people.  We’re in this together, to do the right things with calm and protect the citizens of the world. It’s doable.  I thank you.	世界衛生組織官網	WHO Director-General's opening remarks at the media briefing on COVID-19 - 11 March 2020	118,319	https://www.who.int/dg/speeches/detail/who-director-general-s-opening-remarks-at-the-media-briefing-on-covid-19---11-march-2020	
20200312	CHINA	中國	80,981		中國外交部發言人趙立堅稱，可能是美軍把肺炎疫情帶到武漢：「美國欠我們一個解釋」	美国疾控中心主任被抓了个现行。零号病人是什么时候在美国出现的？有多少人被感染？医院的名字是什么？可能是美军把疫情带到了武汉。美国要透明！要公开数据！美国欠我们一个解释！	趙立堅推特		125,260	https://twitter.com/zlj517/status/1238113459234934785	
20200313	WORLD	澳洲	140		好萊塢名人湯姆漢克斯（Tom Hanks）和妻子在澳洲拍片時一起確診		中央社	湯姆漢克斯確診武漢肺炎 首位好萊塢名人中鏢	132,758	https://www.cna.com.tw/news/firstnews/202003125003.aspx	
20200313	CHINA	中國	80,991		《南華早報》報導，中國最早案例可追溯到 2019/11/17		南華早報		132,758	https://www.scmp.com/news/china/society/article/3074991/coronavirus-chinas-first-confirmed-covid-19-case-traced-back	
20200315	WORLD	西班牙	5,753		總理夫人確診，全國因武漢肺炎封鎖15天	（中央社馬德里14日綜合外電報導）西班牙總理辦公室今天深夜表示，總理桑傑士（Pedro Sanchez）的夫人對2019冠狀病毒疾病（武漢肺炎）檢測呈陽性反應。數小時前，西班牙才剛剛宣布全國幾近全面封城。  政府聲明指出，總理夫人葛梅茲（Begona Gomez）與桑傑士身體都還可以，封城措施宣布後，目前都待在官邸。  西班總理桑傑士今天發表全國電視演說宣布，境內4700萬人口將部分封鎖，作為15天緊急狀態的一部分。  路透社報導，桑傑士表示，所有西班牙人必須待在家中，除非是外出購買食物、藥品，前往醫院或工作，或處理其他緊急事務，部分限制行動自由措施從14日開始實施。  桑傑士指出，他知悉這些措施勢必會對民眾及商業帶來重大衝擊，但保證政府一定會竭盡所能緩和這類衝擊。   酒吧、餐廳、除販售食物和其他基本主食以外的所有商店、會議中心以及所有休閒和運動設施，包括電影院、劇院、游泳池和足球場，全都得關閉。  大眾運輸將會縮減營運，中程鐵路運輸業者奉令減少服務。但這項緊急狀態命令，預料不會關閉西班牙邊界。  在15天緊急狀態期間，西班牙內政部將接掌全國警力，包括地方和地區警力，武裝部隊則會待命，於必要時伸援。  根據規劃，衛生和運輸部的權限也會擴及全國，接掌地方或地區的部分權力。在緊急狀態草案曝光後，加泰隆尼亞及巴斯克自治區領袖立即抨擊這類措施。  西班牙是歐洲疫情第2嚴重國家，僅次於義大利。國營電視頻道TVE報導，目前境內感染武漢肺炎不治病患共193人，累計確診感染6250例。（譯者：鄭詩韻、劉學源/核稿：蔡佳敏）1090315	中央社		153,517	https://www.cna.com.tw/news/firstnews/202003150013.aspx	
20200316	WHO	WHO	-		從 3/16 之後的官方疫情報告中找不到台灣或台北的病例數		世界衛生組織官網		167,515	https://www.who.int/docs/default-source/coronaviruse/situation-reports/20200316-sitrep-56-covid-19.pdf?sfvrsn=9fda7db2_6	
20200318	WARN				台灣確診數達 100 例						
20200319	CHINA	中國	81,174		宣稱湖北新增確診病例為 0	3月18日0—24时，31个省（自治区、直辖市）和新疆生产建设兵团报告新增确诊病例34例，新增死亡病例8例（湖北8例），新增疑似病例23例。 　　当日新增治愈出院病例819例，解除医学观察的密切接触者1032人，重症病例减少308例。 　　截至3月18日24时，据31个省（自治区、直辖市）和新疆生产建设兵团报告，现有确诊病例7263例（其中重症病例2314例），累计治愈出院病例70420例，累计死亡病例3245例，累计报告确诊病例80928例，现有疑似病例105例。累计追踪到密切接触者683281人，尚在医学观察的密切接触者9144人。 　　湖北新增确诊病例0例（武汉0例），新增治愈出院病例795例（武汉733例），新增死亡病例8例（武汉6例），现有确诊病例6992例（武汉6744例），其中重症病例2274例（武汉2222例）。累计治愈出院病例57678例（武汉40765例），累计死亡病例3130例（武汉2496例），累计确诊病例67800例（武汉50005例）。新增疑似病例0例（武汉0例），现有疑似病例0例（武汉0例）。 　　3月18日0—24时，新增报告境外输入确诊病例34例（北京21例，广东9例，上海2例，黑龙江1例，浙江1例）。截至3月18日24时，累计报告境外输入确诊病例189例。 　　累计收到港澳台地区通报确诊病例307例：香港特别行政区192例（出院95例，死亡4例），澳门特别行政区15例（出院10例），台湾地区100例（出院22例，死亡1例）。	国家卫生健康委员会		209,839	http://www.nhc.gov.cn/yjb/s7860/202003/e644c2fc18b4448db7ed4b30f68b91a6.shtml	
20200320	TAIWAN	台灣	135		全球旅遊疫情升至第三級警告，國人應避免所有非必要之出國旅遊，自國外入境者需進行14天居家檢疫	中央流行疫情指揮中心今(20)日表示，COVID-19(武漢肺炎)已達全球大流行，包括拉丁美洲、非洲及大洋洲影響範圍不斷擴大，病例數近期快速增加。基於國人從事國際旅遊均有感染風險，指揮中心宣布除已公布列第三級之亞洲、歐洲、北非、美國、加拿大、紐西蘭及澳洲外，自台灣時間3月21日零時起提升全球旅遊疫情建議至「第三級」(警告：Warning)，國人應避免所有非必要之出國旅遊，自國外入境者，需進行14天居家檢疫。  指揮中心提醒，返台民眾務必確實填寫檢疫通知書，如有症狀請主動告知檢疫人員，並配合相關檢疫措施，共同維護防疫安全。	衛福部疾管署	全球旅遊疫情升至第三級警告，國人應避免所有非必要之出國旅遊。	234,073	https://www.cdc.gov.tw/Bulletin/Detail/bYT2npF18R-hGXNmOwCcMA?typeid=9	
20200325	WORLD	紐西蘭	189		總理阿爾登（Jacinda Ardern）宣布進入全國緊急狀態，於晚間 11:59 開始全面封鎖，防止疫情擴散		紐西蘭疫情官網		413,467	https://covid19.govt.nz/latest-updates/state-of-national-emergency-declared-to-fight-covid-19/	
20200325	WORLD	英國	8,081		王儲查爾斯王子（Charles, Prince of Wales）確診 		BBC		413,467	https://www.bbc.com/zhongwen/trad/uk-52034402	
20200326	CHINA	中國	81,961		WHO 秘書長譚德塞感謝中國金援抗疫，習近平高度讚賞譚徳塞：「在你的帶領下，世界衛生組織積極推動抗擊疫情國際合作，得到國際社會廣泛認可。」	中國官媒新華社公布中國國家主席習近平與世界衛生組織 (WHO) 秘書長譚德塞的通信。譚德塞於信中指出中國武漢肺炎疫情「得到全面快速應對」、「向國際社會表明，只要明確重點、集中力量，就能改變疫情的發展軌跡」，並感謝中國金援抗疫。習近平也回信高度讚賞譚徳塞：「在你的帶領下，世界衛生組織積極推動抗擊疫情國際合作，得到國際社會廣泛認可。」  同天，世界衛生組織 (WHO) 秘書長譚德塞表示，光是待在家無法消滅武漢肺炎，呼籲各國要有積極作為。並強調：「兩個月前，我們已經浪費了一次機會，第二次機會絕對不能再浪費。」	新華社		462,684		
20200327	WARN				全球確診數突破 50 萬（509,164）例						
20200327	WORLD	英國	11,662		首相強森（Boris Johnson）確診		BBC		509,164	https://www.bbc.com/zhongwen/trad/world-52064488	
20200328	WHO	WHO	-		Bruce Aylward 視訊訪問被問及 WHO 是否重新考慮接納台灣時，他先裝作沒聽見，接著疑似切斷視訊	（中央社台北28日電）世界衛生組織（WHO）高級顧問艾沃德接受香港電台記者視訊訪問，被問到世衛是否重新考慮接納台灣時，他一度顯然裝作沒聽見，接著疑似切斷視訊。重新接通後，記者再提問台灣，艾沃德顧左右而言他，稱讚中國防疫做得很好。  世界衛生組織2月中旬派國際專家前往中國了解2019冠狀病毒疾病（COVID-19，武漢肺炎）疫情，率領專家小組的艾沃德（Bruce Aylward）在北京記者會表示，中國的（防疫隔離）事實證明成功，他想對武漢人說「全世界都欠你們」。他甚至表示，自己若感染武漢肺炎，會希望在中國治療。  加拿大籍的艾沃德接到香港電台（RTHK）記者唐若韞視訊訪問，唐若韞問到：「世衛是否會重新考慮台灣的會籍問題？」艾沃德眉頭皺了一下，過了幾秒後都沒有回答。唐若韞接著再對艾沃德說「哈囉？」想看他是否有聽見。艾沃德回說：「抱歉，沒有聽到你的問題。」唐若韞接著說，「讓我重複一下」，但艾沃德馬上搶話說：「沒關係，問別的問題吧！」唐若韞還是不放棄追問：「我其實想問跟台灣有關的議題。」  就在此時，兩人的視訊對話斷線了。重新接通後唐若韞問到：「我想請你談談台灣到目前在防治疫情方面的表現。」  艾沃德則顧左右而言他說：「我們已經談過中國了。如果你看中國各個地區，他們其實都做得很好。講到這裡，謝謝你邀我們參加（這次訪談），祝你們在香港對抗疫情的工作順利。」（編輯：周永捷）1090328	中央社	港媒問台灣防疫 世衛官員艾沃德裝聾讚中國	571,659	https://www.cna.com.tw/news/firstnews/202003285007.aspx	
20200329	WARN				美國確診數突破 10 萬（103,321）例						
20200330	WORLD	日本	1,866		東京奧運宣佈延期至 2021 年 7 月		中央社		693,282	https://www.cna.com.tw/amp/news/firstnews/202003300300.aspx	
20200330	WORLD	日本	1,866		日本諧星志村健染疫去世，享年 70 歲	因感染新冠肺炎而住院治疗的日本笑星志村健3月29日晚在东京都内一家医院去世，享年70岁。	NHK		693,282	https://www3.nhk.or.jp/nhkworld/zh/news/228970/	
20200330	WHO	WHO	-		突發衛生事件執行主任 Mike Ryan 在日內瓦的記者會宣稱：「目前沒有確切證據證明大眾戴口罩可能帶來好處。」並稱有證據顯示若戴口罩方式不當，可能帶來反效果				693,282		
20200331	WARN				義大利確診數突破 10 萬 （101,739）例						
20200402	WARN				西班牙確診數突破  10 萬（102,136）例						
20200404	WARN				全球確診數突破 100 萬 （1,051,697）例						
20200404	WORLD	美國	241,703		川普指示，政府停止出口 N95 口罩及其他個人防護裝備到其他國家	（中央社華盛頓3日綜合外電報導）為應對2019冠狀病毒疾病（COVID-19，俗稱武漢肺炎），美國總統川普今天簽署命令，指示政府停止出口N95口罩及其他個人防護裝備到其他國家。  川普在聲明中表示，這項以國防生產法（Defense Production Act）為依據的命令，「是我們藉著防止亟需的個人防護裝備在於己不利的情況下出口，持續奮戰以防範囤貨、哄抬價格、牟取暴利的又一步」。  美國有線電視新聞網（CNN）報導，川普在白宮媒體簡報會中表示，國土安全部及聯邦緊急事故管理總署（FEMA）將合作執行這項指令，「防止N95防護口罩、外科口罩、手套及其他個人防護裝備出口」。  他說：「我們國內立刻就需要用到這些東西，我們必須要有（這些東西）。」（譯者：曾依璇/核稿：張曉雯）1090404  抗疫關頭 加拿大抨擊川普阻擋N95口罩出口 （中央社渥太華/多倫多3日綜合外電報導）加拿大預料2019冠狀病毒疾病病例在國內人口最稠密的地區將不斷增加，對於美國總統川普要求3M公司暫停出口N95口罩以供醫護人員使用。加拿大官員3日抨擊這種做法。  加拿大安大略省衛生官員預測，在現行公共衛生措施下，到這個月底前，全省將有8萬起俗稱武漢肺炎的2019冠狀病毒疾病（COVID-19）病例、1600人死亡，呼籲大眾約束行動。安大略省目前通報3255起確診病例、67人死亡。  川普先前援引國防生產法（Defense Production Act），要3M公司生產防護用口罩，2日晚間又推文批評3M公司。在美國，主要用來保護專業醫療人員不吸入冠狀病毒的N95口罩正缺貨，這種醫用口罩是3M公司產品之一。  路透社報導，加拿大總理杜魯道（Justin Trudeau）說，阻擋醫療用品跨國流動是個「錯誤」；他表示，這種做法會有反效果，他特別提到，每天都有加拿大醫護人員前往美國底特律工作。加拿大與美國這個月稍早關閉共同邊界，僅限必要的往來。  媒體詢問加拿大副總理方慧蘭，若美國持續禁止N95口罩出口，加拿大是否報復？她表示，政府會「不惜代價捍衛國家利益」。  3M公司昨天表示，將提升防護口罩產量，並進口更多口罩到美國，但也警告，阻擋出口可能導致其他國家報復，最終削減美國可取得的設備數量。  根據加拿大廣播公司（Canadian Broadcasting Corp.）彙整的資料，加拿大2日宣布的病故人數從127人增加到208人，確診病例從1萬132人增加到1萬2375人。（譯者：曾依璇/核稿：劉淑琴）1090404	中央社	川普正式下令 停止出口N95口罩等抗疫設備	1,051,697	https://www.cna.com.tw/news/firstnews/202004040039.aspx	
20200408	WARN				德國確診數突破 10 萬（103,228）例						
	CARD				WHO 秘書長譚德塞公開直指台灣歧視他的種族身份，而外界也對 WHO 面對疫情的作為發表評論						
20200408	WHO	WHO	-		秘書長譚德塞：台灣在 3 個月前開始以人身攻擊、種族歧視攻擊我	（中央社網站9日電）世界衛生組織秘書長譚德塞8日面對國際批評他處理疫情不當，激動指責台灣過去3個月對他人身攻擊，還連講兩次「夠了」。對於譚德塞的指控，總統蔡英文、中央流行疫情指揮中心指揮官陳時中接連發聲，台灣朝野政黨齊聲譴責，澳洲媒體也直指譚德塞的用意是要迴避WHO拖延疫情激起的輿論壓力。中國外交部則回應，台灣部分人「以疫謀獨」的企圖，不會得逞。  譚德塞（Tedros Adhanom Ghebreyesus）8日在記者會上被媒體問到，面對川普等領導者批評，是否感到挫折，是否會阻礙處理疫情？譚德塞說跟每分鐘都有人失去生命相較，他不在意個人被攻擊，強調自己是專心拯救生命，關心脆弱者，「在世衛我們不操弄政治」。  他愈說愈激動，以委屈的口吻說，針對他的人身攻擊已長達3個月，包括媒體評論、給他冠上各種稱號，說他是黑人等等。  譚德塞說，再也不能忍受黑人及非洲族群被侮辱，並直接點名台灣，「這些攻擊在3個月前來自台灣，我必須直白地說就是來自台灣。」還稱台灣外交部知情相關攻擊，不但沒切割，還跟著那些侮辱毀謗一起攻擊他，自己公開說出來是因為「真的夠了」。  以下是各界對於譚德塞指控的回應：  台灣官方： 總統蔡英文在臉書發文表示，對於台灣被指控在國際社會上發動種族歧視攻擊的言論，她要表達強烈的抗議。台灣向來反對任何形式的歧視，台灣長年被排除在國際組織之外，比誰都知道被歧視和孤立是什麼滋味。  蔡總統表示，自由、民主、多元、包容，是台灣人堅信的價值，不會接受利用種族歧視的言論，來攻擊不同意見的人，並說藉著這個機會，她想要邀請譚德塞訪問台灣，感受一下台灣人民如何努力在遭受歧視和孤立之中，堅持走向世界、貢獻國際社會。  譚德塞指台灣人身攻擊 蔡總統：想邀他訪台  外交部透過新聞稿指出，台灣是成熟及高素養的先進民主國家，絕無鼓動民眾針對世界衛生組織（WHO）秘書長本人進行人身攻擊，更不可能發表任何種族歧視言論。  外交部指出，譚德塞未經查證，無端對台灣不實指控，對台灣的政府及人民造成嚴重傷害，此誣衊行為極不負責，要求譚德塞立即更正毫無依據的指控、立即澄清，並向台灣道歉。  譚德塞指台灣人身攻擊 外交部要求立即澄清道歉 中央流行疫情指揮中心指揮官陳時中在記者會中表示，1月30日譚德塞要求各國不要限制對中國旅遊和貿易，這句話是造成目前世界各國困境的一大主因。還好台灣沒有聽他的話，而是採取了政府認為必要的措施。  他呼籲譚德塞「與其有時間罵台灣，不如花時間向台灣學習」。他也希望譚德塞來台灣，親眼看看整體國家動員、人民素養如何支撐防疫。  陳時中：譚德塞有空罵人 不如多向台灣學習 駐歐盟兼駐比利時代表曾厚仁表示，無論在社群媒體或正式新聞稿上，外交部長吳釗燮從未針對譚德塞做過任何人身攻擊，台灣政府也從未對他發動過言論攻勢。譚德塞所言毫無根據，是憑空捏造的惡意指控，不值得國際重視。  譚德塞指台灣對他人身攻擊 曾厚仁反駁捏造指控 政黨回應： 國民黨透過聲明表示，世衛組織主管不應在未有明確證據的情況下，就將其近來所受的抨擊均歸咎於台灣，且不應漠視長期以來我國願參與世衛大會的強烈訴求，因為兩者已明顯損害國人的國際形象與健康權。  遭譚德塞指人身攻擊 國民黨：未有證據就歸咎台灣 民進黨立法院黨團幹事長鄭運鵬在臉書發文表示，譚德塞必須面對的真相是，在這一次疫情中，亞裔是無端被歧視攻擊的對象，如果非裔（黑人）被惡意種族歧視，也和譚德塞自己的失格失能有關。  民眾黨發言人蔡峻維呼籲譚德塞應慎重反省WHO對外發表武漢肺炎的相關言論公信力之低落，甚至受到美、日等國領袖強烈抨擊，而不是利用個人情緒勒索全世界，霸凌一個防疫機制受到全世界多數肯定的國家。  時代力量在臉書要求譚德塞收回這種無中生有的指控，「正式向台灣道歉、並且下台負責」，WHO也要看見台灣的防疫成果，將台灣的防疫經驗分享給世界各國，停止歧視台灣，停止將政治考量放在人類健康福祉前面。  譚德塞指台灣人身攻擊 朝野各黨譴責 民眾回應： 留學英國的台灣學生林薇在社群媒體上傳中英雙語公開信，指自己對譚德塞的不實指控，深感錯愕及失望，同時要求譚德塞為他的不實指控致歉。她表示：「請不要忘記您作為一個公衛專家的信念，以及您接任幹事長（秘書長）時所立下的誓言—『全球人民的健康當為第一位，而非政治』」。  譚德塞指台灣人身攻擊 旅英台生公開信要求道歉 國際回應： 中國外交部發言人趙立堅稱，「台灣島內部份人『以疫謀獨』的企圖，不會得逞」，並說中國將一如既往地堅定支持WHO的工作，以及在全球抗疫合作中的領導作用。  中國力挺譚德塞 指台灣人身攻擊以疫謀獨 澳洲天空新聞（Sky News）指出，譚德塞在記者會上突然諉過於種族主義，還說自己受到死亡威脅，是在「模糊焦點」，這樣做的目的是將他被指「聽命於中國」的話題扯開，同時呼籲譚德塞「需要公開那些死亡威脅」，並且「要解釋那些威脅到底和台灣有什麼關係」。  澳媒：譚德塞套用中國台詞諉過台灣 目前擔任非洲聯盟主席的南非總統拉瑪佛沙8日公開對世衛表示支持，表示非洲聯盟認可並感謝世衛的出色應對，並對世衛為緩解疫情大流行持續提出的各項倡議與措施感到滿意。  非洲聯盟主席力挺譚德塞 讚揚世衛應對疫情出色	中央社	譚德塞指台灣人身攻擊3個月 各界回應一覽	1,353,361	https://www.cna.com.tw/news/firstnews/202004095012.aspx	
20200409	TAIWAN	台灣	380		總統蔡英文：台灣向來反對任何形式的歧視，我們長年被排除在國際組織之外，比誰都知道被歧視和孤立是什麼滋味	對於今天台灣被指控在國際社會上發動種族歧視攻擊的言論，我要表達強烈的抗議。台灣向來反對任何形式的歧視，我們長年被排除在國際組織之外，比誰都知道被歧視和孤立是什麼滋味。 藉著今天這個機會，我想要邀請世界衛生組織譚德塞幹事長（Tedros Adhanom Ghebreyesus）訪問台灣，感受一下台灣人民如何努力在遭受歧視和孤立之中，堅持走向世界、貢獻國際社會。 在世界各地，包括譚德塞幹事長的家鄉在內，都可以看到台灣的醫療人員和志願工作者無私奉獻的身影，台灣人不會用膚色、語言去區分他人，所有人都是我們的兄弟姐妹。台灣，從來沒有因為無法加入國際組織，就減少對國際的支持。 疫情期間，台灣傾全國之力防疫，成績也受到世界矚目。即使世界衛生組織因為政治的操弄將台灣排除在門外，我們還是扛起國際社會成員的責任，主動援助口罩等防疫物資，給疫情嚴重國家的醫護人員。 #TaiwanCanHelp，而且Taiwan is helping，這一點，從來不會因為國度或種族而有差別。  自由、民主、多元、包容，是台灣人堅信的價值，我們不會接受利用種族歧視的言論，來攻擊不同意見的人。如果譚德塞幹事長能抵擋中國的壓力，踏上台灣的土地，就能了解到我們對防疫的努力，並且理解真正受到不公平待遇的，其實是台灣人民。我相信只有台灣的加入，世界衛生組織的拼圖才會完整。	總統蔡英文臉書		1,436,198	https://www.facebook.com/tsaiingwen/posts/10156607610406065	
20200410	WARN				全球確診數突破 150 萬（1,521,252）例						
20200410	WORLD	德國	113,525		入境德國需強制隔離 14 天	（德國之聲中文網）為應對新冠疫情，德國對所有入境者實施的強制隔離措施本週五（4月10日）生效。在法蘭克福國際機場執勤的聯邦警察當天早上開始告知返德人員相關措施。根據新規，德國和歐盟公民以及在德國擁有長期居留權的外國人，一旦前往國外並逗留數天，返回德國後必須強制居家隔離十四天。不具備"有說服力理由"的人士不得入境德國。外交官、商務人士以及醫務人員不受這一規定的限制。這項規定的有效期初定至4月19日。  在控制輸入型病例的同時，目前來看，德國國內限制公共生活的措施正在發揮作用。德國衛生部長施潘（Jens Spahn）9日向媒體表示："新增感染人數正在趨平，我們再次看到的是線型增長，而不是3月中呈現的動態指數級增長。"  根據德國疾控權威機構羅伯特‧科赫研究所（RKI）週五公佈的數據，截至當地時間10日零時，德國累計新冠確診病例升至113525例，較前一日增加5323例；累計死亡2373例，較前一日增加266例。  中國外貿企業面臨"雙向擠壓"  與此同時，中國的新增確診病例依舊保持在兩位數。中國國家衛生健康委員會的最新數據顯示，4月9日全國報告新增新冠肺炎確診病例42例，其中38例為境外輸入病例，4例為本土病例；新增死亡病例1例。全面解封的湖北省無新增確診病例。  延伸閱讀：生產或可追 服務難再補：疫情恐重創中國經濟  相比中國的疫情，該國外貿企業的處境則並不樂觀。中國商務部週五表示，受疫情影響中國外貿企業面臨的形勢異常嚴峻復雜，不穩定、不確定因素顯著增多，中國的加工貿易受疫情的影響更為快速直接，面臨需求端和供給端"雙向擠壓"。商務部外貿司司長李興乾在一場新聞發布會上介紹，中國加工貿易進口以中間品為主，佔加工貿易進口額的80%以上，主要來自亞洲周邊國家。受疫情大流行的影響，相關國家零配件的供應能力明顯下降，影響到中國加工貿易增值再出口。  Bildergalerie der Reise Lonely Places (picture-alliance/dpa/Kyodo) 中國公共生活逐漸恢復，長城也再次迎來遊客  而目前中國正在大量出口防疫物資，但是也有接收方對中國物資的品質表示懷疑。為此，中國海關總署週五稱，即日起將對醫用口罩、醫用防護服、呼吸機、醫用手套、醫用護目鏡等醫療物資實施出口商品檢驗，以加強醫療物資出口品質監管。此前，中國官員曾表示，對於中國一些出口醫療物資品質不過關的報導並未客觀反映事實全貌，這其中有中外產品的品質標準不同、使用習慣上存在差異等原因，接下來中國將加快出口更多國際社會所需要的醫療物資。  媒體：義大利將延長限制措施至5月  歐洲重災區西班牙和義大利的疫情也有所放緩。西班牙衛生部週五通報，在過去24小時內，西班牙新增4576起冠病確診病例，新增死亡病例605起，這是過去17天以來的最低單日新增死亡數。西班牙目前累計確診157022，累計死亡15843例。隨著新增死亡和確診人數下滑，西班牙政府正在研究如何逐步解除封鎖。此前，政府將封鎖時間延長至4月25日。  Coronavirus Spanien Beerdigung (Reuters/J. Medina) 西班牙一處穆斯林社區下葬新冠肺炎死者  據義大利《晚郵報》（Corriere della Sera）報導，為免遭第二波新冠疫情的襲擊，義大利將延長大部分限制措施至5月3日。據報導，義大利總理孔特將於週五或週六頒布法令，禁止人們在公園散步或逗留。該報還指，義大利總理將允許包括部分農業機器生產商在內的少數企業復工。義大利於3月9日開始實施全國性的封鎖措施，其中包括禁止所有不必要的經濟活動以及關閉大多數商店，這一政策原定於4月13日到期。  延伸閱讀：德國會上演義大利的悲劇嗎?  義大利當局公佈的最新數據顯示，在過去24小時該國新增4204個確診案例，相比前一天的3836例稍有回升，是自5日以來的最大升幅，而全國累計共有143626人確診。  另外，繼德國研究人員估算各國檢測到的新冠病毒確診人數僅僅約為實際感染數的6％後，奧地利也有研究表明，該國的實際感染人數可能高達28500人，遠高於官方公佈的約8500個確診病例。這是奧地利索拉民調公司（SORA）公佈的最新研究結果。如果數字可靠，則意味著奧地利總人口的0.33%已被感染。	德國之聲dw		1,521,252	https://www.dw.com/zh/%E6%96%B0%E5%86%A0%E7%96%AB%E6%83%85%E5%85%A5%E5%A2%83%E5%BE%B7%E5%9B%BD%E9%9C%80%E5%BC%BA%E5%88%B6%E9%9A%94%E7%A6%BB-%E6%84%8F%E5%A4%A7%E5%88%A9%E6%88%96%E5%BB%B6%E9%95%BF%E5%B0%81%E9%94%81/a-53089508#	
20200410	WHO	WHO	-		否認台灣曾警告武漢肺炎可能人傳人	（中央社日內瓦10日綜合外電報導）世界衛生組織遭指控，在中國去年底爆發武漢肺炎疫情後，對台灣提出病毒能人傳人的警告置之不理。但世衛今天否認這項說法，宣稱台灣所發電郵未提人傳人一事。  法新社報導，世界衛生組織（WHO）遭美國指控「政治擺第一」，忽視台灣去年12月底的警告，藉以協助北京隱匿2019冠狀病毒疾病（COVID-19，俗稱武漢肺炎）的疫情嚴重性。  美方昨天指出，世衛2020年1月14日發表聲明稱，相關病毒沒有人傳人跡象，這種隱瞞台灣所提供資訊的作法令人深感不安。  但總部設在瑞士日內瓦的世衛組織今天寄發電郵給法新社，否認此一指控。  世衛表示，去年12月31日收到台灣所發電郵，內容提及媒體報導，武漢有非典型肺炎病例；而武漢當局認為，這不是嚴重急性呼吸道症候群（SARS）。SARS在2002與2003年曾奪走全球774人性命。  世衛組織堅稱：「這封電郵沒有提到人與人之間的傳染。」  世衛組織並說，已要求台灣當局說明，曾以何種方式「告訴我們」他們對病毒傳播的懷疑，「但我們沒有收到回應」。  「據我們所知，台灣僅發出上述一封電子郵件，其中並未提及人傳人現象。」  世衛秘書長譚德塞（Tedros Adhanom Ghebreyesus）呼籲全球領袖「別把病毒政治化」，聯合國秘書長古特瑞斯（Antonio Guterres）也表達支持，還說現在不是批評「重要組織」的時候。  世衛組織與台灣的關係在疫情爆發前就已陷入緊張，過去3個月更加惡化。（譯者：楊昭彥、陳彥鈞/核稿：張佑之）1090410	法新社	中央社＿世衛否認台灣曾警告武漢肺炎會人傳人	1,521,252	https://www.cna.com.tw/news/ahel/202004100409.aspx	
20200410	TAIWAN	台灣	382		回應 WHO，2019 年底我國尚未有病例，無法明示該疾病已人傳人。但強調非典型肺炎特性且病患均隔離治療，公衛專業人員即能由此研判該等病例有「人傳人」的可能	（中央社記者張茗喧台北10日電）WHO否認台灣曾警告武漢肺炎可能人傳人，指揮中心晚間回擊「WHO斷章取義」，台灣雖未明確說出「會人傳人」，但強調非典型肺炎特性且病患均隔離治療，已強烈暗示人傳人可能。 最新》陳時中公布通報電郵全文 批WHO內行人講外行話 武漢肺炎疫情全球大流行，中美兩國為了病毒發源地爭論不休，美國國務院發言人歐塔加斯（Morgan Ortagus）日前向中國嗆聲，強調台灣在12月31日便試圖警告世界衛生組織（WHO）武漢肺炎（2019冠狀病毒疾病，COVID-19）可能人傳人，但中國卻直到1月20日都還否認疫情已發展為人傳人。  針對世界衛生組織(WHO)否認我國曾警告COVID-19(武漢肺炎)可能人傳人，中央流行疫情指揮中心今(11)日發表聲明如下： 疾病管制署自網路上得知，在中國武漢市發生至少七例非典型肺炎(atypical pneumonia)。中國慣稱SARS為「非典型肺炎」，此為冠狀病毒引起嚴重人傳人的疾病。 由於SARS的經驗，讓我們對本次疫情訊息感到高度警惕，因此隨即在2019年12月31日以電郵方式通報世界衛生組織(WHO)「國際衛生條例」(IHR)聯繫窗口，要求其提供進一步資訊。由於當時疫情資訊不明，各項傳聞紛紛，為使各方能有高度警覺，尤其相關疫情爆發時序已接近有大量人流移動之中國春節。為求慎重，我方在電郵中特別提及「非典型肺炎」、尤其「病患已進行隔離治療」，公衛專業人員即能由此研判該等病例有「人傳人」的可能。但我國尚未有病例，無法直接明示該疾病已人傳人。 疾管署同時也聯繫中國疾病控制中心，希望取得更多疫情資訊。惟WHO IHR聯繫窗口僅回覆稱，已將我資訊轉給相關單位；中方則僅提供我方一則新聞稿。 由於我們強烈懷疑已有人傳人現象，且無法透過既有管道獲得釐清，我政府隨即於通報確認同日，依據有人傳人可能性的處理程序，啟動邊境檢疫強化措施，並針對從武漢入境班機派員進行登機檢疫作業。 疾管署也在1月中旬派遣專家去武漢瞭解疫情狀況、防治作為及病患暴露史。依據初步的研究，我們研判該肺炎確實會人傳人。  WHO繼秘書長譚德塞指控台灣對他歧視侮辱後，今天又宣稱並未忽視台灣對武漢肺炎疫情的示警，辯稱當時台灣的電郵並沒有提到「人傳人」的危險。  指揮中心發言人莊人祥今天晚間接受中央社記者電訪時表示，「這是被WHO斷章取義」，WHO並未揭露台灣通報的完整內容。疾管署去年12月31日透過社群媒體得知中國武漢發生至少7例非典型肺炎病例，中國向來習慣將SARS（嚴重急性呼吸道症候群）稱為「非典型肺炎」，SARS本身就是一種由冠狀病毒引起的嚴重人傳人疾病。  莊人祥說，看到這項訊息後，疾管署基於SARS的防疫經驗，對這項疫情訊息相當警惕，因此12月31日立即以電子郵件通報WHO國際衛生條例的聯繫窗口，要求提供更多有關疫情的訊息。  莊人祥指出，由於當時疫情資訊不明朗，各種傳聞不斷，雖未在電郵中明確說出「疫情會人傳人」，但有特別提及非典型肺炎的特性，以及中國的病患均隔離治療，強烈暗示病例有人傳人的可能性，以利世衛高度警覺，尤其疫情爆發時，中國正值有大量人流移動的春節期間，更需要警戒；但事後僅收到WHO回信稱：「已將資訊轉給專家同仁」。  因疫情源自中國，疾管署除聯繫WHO，也同時聯繫中國疾病預防控制中心，希望取得更多資訊，中方僅提供一則國家衛生健康委員會的新聞稿。  莊人祥說，台灣當時強烈懷疑此疫情有人傳人現象，但中國、世衛組織都無法透過既有管道釐清，因此12月31日當晚6時立即召開記者會，針對當天即將抵台的武漢直航班機進行登機檢疫，就是基於疫情有人傳人可能性的前提下進行的防疫措施。  莊人祥表示，1月中旬台灣派專家到武漢了解疫情狀況、防疫作為以及病患暴露史，驚覺當地早已出現群聚事件，也正是那一次才讓外界才了解到，疫情早已出現所謂「有限度人傳人」。  有關電郵的部分，莊人祥說，明天可能會在指揮中心記者會公布。（編輯：王思捷）1090410	中央社和衛福部	新聞專題武漢肺炎疫情 WHO否認台灣曾提人傳人 指揮中心：斷章取義 我國通報世界衛生組織(WHO)電郵內容事實陳述之聲明	1,521,252	https://www.cna.com.tw/news/firstnews/202004100411.aspx https://www.cdc.gov.tw/Bulletin/Detail/tYbH45jTug67FTIh-iYv4A?typeid=9 	
20200412	WARN				美國確診數突破 50 萬（524,514）例						
20200412	WARN				全球死亡數突破 10 萬 （105,952）人						
20200413	WORLD	美國	524,514		總統川普回應疫情來自美軍一說：「我們都知道它（武漢肺炎）從哪裡來」	（中央社記者江今葉華盛頓13日專電）中國外交部發言人趙立堅推文質疑武漢肺炎病毒源自美軍。對此，美國總統川普表示，「我們都知道它從哪裡來」。美媒報導，美國國務院召見中國駐美大使崔天凱表達嚴正抗議。  中國外交部發言人趙立堅以中英雙語連發5條推文，質疑美軍將2019年冠狀病毒疾病（COVID-19，武漢肺炎）帶到武漢，並說「美國欠我們一個解釋」。趙立堅的說法在中國網路激起廣大回響，網友呼應並支持趙立堅的觀點，指責美國，並要求美國道歉。  川普今天在白宮被問到此事時表示，他確實讀過一篇文章，但不認為這篇文章具有代表性，也明確表示他在跟中國國家主席習近平會談時不曾談過這個議題，「他們知道它（病毒）從哪來，我們都知道它來自哪裡。」  至於是否會因此影響美中貿易談判，川普表示，根據雙邊協議，中國將向美國購買2500億美元商品與500億美元農產品，「這對我們國家是重要的協議，是時候有人該這麼做了」，第二階段美中貿易談判也將展開。  在被問及中國提供的武漢肺炎資訊是否有幫助時，川普表示很有助益，一直在與中國合作，共享數據。  與此同時，包括美國有線電視新聞網（CNN）、美國國家廣播公司（ABC）等多家美國媒體引述美國國務院官員的話表示，美國國務院亞太助卿史達偉（David Stilwell）今天召見崔天凱，向他當面嚴正抗議，表示美國不會容忍中國為轉移武漢肺炎的指責發表這樣的言論。（編輯：徐睿承）1090314	中央社	中國官員指美軍帶進病毒 川普：我們都知道來源	1,773,084	https://www.cna.com.tw/news/aopl/202003140024.aspx	
20200414	TAIWAN	台灣	393		台灣民間集資刊登紐約時報廣告 #TaiwanCanHelp ，向世界發聲台灣對世界的貢獻與努力不該被漠視		嘖嘖募資		1,844,863	https://www.zeczec.com/projects/thisattackcomesfromtaiwan/updates/10856	
20200414	WORLD	美國	553,822	Today I’m instructing my administration to halt funding of the World Health Organization while a review is conducted to assess the World Health Organization’s role in severely mismanaging and covering up the spread of the coronavirus.  Everybody knows what’s going on there.	總統川普：指示美國政府停止對 WHO 的資助	Today I’m instructing my administration to halt funding of the World Health Organization while a review is conducted to assess the World Health Organization’s role in severely mismanaging and covering up the spread of the coronavirus.  Everybody knows what’s going on there.	白宮		1,844,863	https://www.whitehouse.gov/briefings-statements/remarks-president-trump-press-briefing/?fbclid=IwAR0CkDfAgS32C33dA5HDFnj7Qw0poEWqPKTgTiqrfhV-WBNgc1MB7lhmT64	
20200414	TAIWAN	台灣	393		自 3/9 以來，首次無新增病例	中央流行疫情指揮中心表示，國內今(14)日無新增確診病例，昨(13)日新增1,345例新型冠狀病毒肺炎相關通報，截至目前累計48,549例(含44,890例排除)，其中393例確診，分別為338例境外移入及55例本土病例。確診個案中6人死亡，124人解除隔離，其餘持續住院隔離中。有關3月30日返台專案航班共214名湖北返台民眾，已於今日解除隔離，並返家進行14天自主健康管理。  指揮中心指出，全球累計1,866,085例確診，分布於184個國家/地區；病例數以美國580,619例、西班牙169,496例、義大利159,516例、德國123,016例及法國98,076例為多；病例中118,418例死亡，以美國23,529例、義大利20,456例、西班牙17,489例、法國14,967例及英國11,329例為多。  指揮中心再次提醒，民眾平時應做好手部衛生與咳嗽禮節。自國外入境時，如有發燒、咳嗽等不適症狀，應主動通報機場及港口檢疫人員並配合防疫措施；返國後應落實14天居家檢疫，如出現疑似症狀，請聯繫衛生局或各縣市關懷中心，並依指示就醫，切勿搭乘大眾運輸工具；就醫時，請務必告知醫師旅遊史、職業別、接觸史及是否群聚(TOCC)，以供及時診斷通報。	衛福部疾病署	新聞稿：今日無新增病例，累計124人解除隔離	1,844,863	https://www.cdc.gov.tw/Bulletin/Detail/K4cBFzkKOfCToecFA1tbUA?typeid=9	
20200415	WARN				法國確診數突破 10 萬（102,533）例						
20200416	WORLD	日本	8,582		日本全國進入緊急狀態	（中央社記者楊明珠東京16日專電）日本首相安倍晉三為遏止武漢肺炎疫情，繼首波「緊急事態宣言」將7都府縣納入實施對象後，今晚公布第2波擴及全國的「緊急事態宣言」。安倍說考慮給每位國民10萬日圓補助。  為因應2019冠狀病毒疾病（COVID-19，武漢肺炎）疫情，日本首相安倍晉三今晚8時許在首相官邸（行政中心）召開對策本部會議，將近8時30分（台灣時間7時30分）宣布，緊急事態宣言對象原本只針對東京、大阪等7都府縣，但今天起擴大到全境47都道府縣，時間到5月6日為止。  這項緊急事態宣言令今晚記載於官報的號外，正式生效。  安倍表示，北海道、茨城縣、石川縣、岐阜縣、愛知縣、京都府等6道府縣與7日所發布「緊急事態宣言」的7都府縣的疫情蔓延程度相同，這些道府縣以外的縣也會有來自都市的人進入，各地發生群聚感染，疫情有擴大的傾向。為了遏止區域的疫情擴大，尤其要盡可能降低黃金週（4月底5月初）長假的人員移動，因此所有的都道府縣列為緊急事態的對象。  安倍籲請民眾，今後到放黃金週長假，所有的都道府縣的民眾，如果是不必要、不急的返鄉、旅行等可能跨都道府縣的人員的移動，絕對要盡量避免，以防疫情蔓延。  他說，緊急事態實施至5月6日為止，還有一些時日，希望這段時間能盡量減少人員的接觸，至少減少7成、力拼減少8成，一定要設法達到這樣的目標。雖然這對人民造成不便，但為了防疫，還是要持續請民眾合作。  安倍表示，緊急經濟對策當中，原本擬定的措施是限收入銳減、經濟陷困的家庭每戶補助30萬日圓（約新台幣8萬5000元），但現在改變措施，將擴大補助的對象。  他說，這次發布「緊急事態宣言」，籲請民眾盡量少出門，民眾行動受限，所以考慮給全國每一位國民一律補助10萬日圓（約新台幣2萬8000元），執政黨正在研議方案。  與自民黨聯合執政的公明黨的幹事長齊藤鐵夫今天表示，每位國民一律補助10萬日圓的措施若實施，將儘速發錢，讓民眾約在5月下旬起到6月初可拿到錢。  日本經濟新聞報導，，全體國民一律每人補助10萬日圓的話，所需財源逾12兆日圓（約新台幣3兆4000億元）。原本預定的措施是給收入銳減、經濟陷困家庭1300萬戶每戶補助30萬日圓的措施，財源約需4兆日圓。  因此，若改為每人發10萬日圓的話，追加預算案的歲出總額可能要膨脹到16.8兆日圓，將來須靠發行赤字國債籌錢。（編輯：張佑之）1090416	中央社	日全國進入緊急狀態 安倍擬每人發10萬日圓	1,991,562	https://www.cna.com.tw/news/aopl/202004160442.aspx	
20200416	WORLD	德國	134,753		最大報《畫報》大篇幅批判習近平和中國應對武漢肺炎疫情蔓延負責		畫報		1,991,562	https://www.bild.de/politik/ausland/politik-ausland/corona-krise-bild-chef-schreibt-an-chinas-staatschef-70087876.bild.html	
20200417	WARN				全球確診數突破 200 萬（2,074,529）例						
	CARD				各國官員質疑WHO能力，並對中國喊話						
20200417	WARN				英國確診數突破 10 萬（103,097 ）例						
20200417	WORLD	英國	103,097		外交大臣 Dominic Raab：未來可能對中國進行清算	LONDON (Reuters) - China will have to answer hard questions on how the coronavirus outbreak happened and on whether it could have been prevented, British foreign secretary Dominic Raab said on Thursday.  “There absolutely needs to be a very very deep dive after-the-event review of the lessons, including on the outbreak of the virus... it needs to be driven by the science,” Raab said, adding that the pandemic had shown the value of international co-operation and that Britain had worked well with China on repatriation of citizens and procurement.  “There’s no doubt: we can’t have business as usual after this crisis, and we’ll have to ask the hard questions about how it came about and about how it could’ve been stopped earlier,” Raab said, asked about a possible future “reckoning” with China.	路透社	China will have to answer hard questions on coronavirus outbreak: UK foreign minister	2,074,529	https://www.reuters.com/article/us-health-coronavirus-britain-china/china-will-have-to-answer-hard-questions-on-coronavirus-outbreak-uk-foreign-minister-idUSKBN21Y2SV	
20200417	WORLD	英國	103,097	UK Foreign Secretary Dominic Raab told a news conference on Thursday that "hard questions" would have be asked about how the outbreak started "and how it couldn't have been stopped earlier".  He said there would have to be a "deep dive" into how the virus was able to spread from China and said it could not be "business as usual" after the crisis.	英國外交大臣：必須深入研究病毒如何從中國開始傳播		BBC		2,074,529	https://www.bbc.com/news/world-europe-52319462	
20200417	CHINA	中國	84,149		武漢市大幅訂正病例數，並增加 1,290 確診死亡病例，剛好為原先死亡人數的 50%		新華社		2,074,529	http://www.xinhuanet.com/politics/2020-04/17/c_1125869574.htm	
20200417	CHINA	中國	84,149		堅定支持WHO領導抗疫，反對削弱WHO行為	（中央社台北17日電）中國駐聯合國代表張軍昨天致函聯合國大會主席艾斯皮諾薩、聯合國秘書長古特雷斯和各國駐聯合國代表，重申中國堅定支持聯合國和世界衛生組織領導抗疫，並表明堅決反對任何削弱世衛行為。  新華社報導，張軍表示，中方堅定支持世界衛生組織（WHO）在全球抗疫合作中發揮領導作用。世衛是聯合國系統內負責公共衛生事務的專門機構，在應對疫情中的作用至關重要。  他說，在秘書長譚德塞（Tedros Adhanom Ghebreyesus）帶領下，世衛秉持科學、客觀、公正立場，積極指導協助各國應對疫情，為抗疫國際合作作出重要貢獻。  世衛替中國背書遭批 WHA議程竟未列武漢肺炎疫情討論 整理包／中國隱匿疫情還發動大外宣討讚美 歐美齊聲說不 張軍說，中方一直本著公開、透明、負責任態度，同世衛保持密切溝通合作，及時通報疫情訊息，第一時間發佈病毒基因序列等訊息，毫無保留同世衛和國際社會分享防控、治療經驗，並向世衛捐款2000萬美元，以實際行動支持WHO開展全球抗疫合作。  他指出，中國國家主席習近平在20國集團（G20）領導人應對新冠肺炎特別峰會上，再次呼籲各國支持世衛組織作用。「77國集團和中國」日前發表共同聲明，讚賞世衛應對疫情的努力。中方還積極響應不結盟運動發表公報，支持世衛和譚德塞履職，反對將新冠疫情政治化。  張軍強調，在當前嚴峻形勢下，世衛的作用不可或缺，「中方堅決反對任何試圖削弱世衛組織的行為」。  他並表示，任何指責與推諉，都無助於集中精力應對疫情，並造成國際社會分裂，危害抗疫國際合作。「我們堅決反對把疫情標籤化、政治化和污名化的錯誤做法，這也是國際社會的普遍共識」。  這是美國總統川普（Donald Trump）14日宣布暫停金援世衛以來，中國首度向聯合國各會員國明確表達堅定支持世衛的立場。（編輯：楊昇儒/曹宇帆）1090417	中央社		2,074,529	https://www.cna.com.tw/news/firstnews/202004170054.aspx	
20200417	WORLD	法國	107,778	Let’s not be so naive as to say it’s been much better at handling this. There are clearly things that have happened that we don’t know about	總統馬克宏談中國疫情控制：別天真了，顯然發生了一些我們不知道的事情		金融時報		2,074,529	https://www.ft.com/content/3ea8d790-7fd1-11ea-8fdb-7ec06edeef84	
20200417	WORLD	美國	632,781	Trump: Why did the W.H.O. Ignore an email from Taiwanese health officials in late December alerting them to the possibility that CoronaVirus could be transmitted between humans? 	川普質問 WHO：為何忽略台灣曾提出武漢肺炎病毒可能人傳人的警告？	Why did the W.H.O. Ignore an email from Taiwanese health officials in late December alerting them to the possibility that CoronaVirus could be transmitted between humans? Why did the W.H.O. make several clai	美國總統川普推特		2,074,529	https://twitter.com/realDonaldTrump/status/1251138462968922119	
20200417	WHO	WHO	-		對於中國武漢調高 50% 死亡病例，WHO 表示武漢在疫情爆發醫療能量不足，現在重新比對資料才能補完數據	First is that the healthcare system in Wuhan was overwhelmed at one point and some patients died at home. Secondly medical staff were delayed in reporting of these cases because they were focused on providing care for these patients and they didn't fill out the forms in time. Next is that there were additional locations that were built. If you remember, in Wuhan in particular some of the hospitals themselves were overwhelmed and so they set up these makeshift hospitals, as they called them, which were essentially stadiums and other facilities where they put mild cases to be cared for. In those situations the reporting wasn't done in a timely manner and so those cases were added.	WHO		2,074,529	https://www.who.int/docs/default-source/coronaviruse/transcripts/who-audio-emergencies-coronavirus-press-conference-17apr2020.pdf?sfvrsn=1bd9c4cd_2	
20200418	TAIWAN	台灣	398		疫情指揮中心宣布，台灣海軍艦隊上出現武漢肺炎確診案例		衛福部疾管署		2,160,207	https://www.cdc.gov.tw/Bulletin/Detail/yeX1Bl33EkxjvaXjdclUIQ?typeid=9	
20200419	WARN				日本確診數突破 1 萬（10,361）例						
20200420	WORLD	俄羅斯	42,853		在過去 24小 時內，增加 6,060 名確診病例		路透社		2,314,621	https://www.reuters.com/article/us-health-coronavirus-russia-cases/russia-reports-record-daily-rise-in-coronavirus-cases-idUSKBN221086	
20200420	WORLD	俄羅斯	42,853		總統普丁：我們的朋友（中國）在二月遇到困難時，俄羅斯送了 200 萬個口罩，現在我們收到 1.5 億個來自中國的口罩		中國環球電視網		2,314,621	https://www.youtube.com/watch?v=vQPDnaLpQLY	
20200421	WORLD	土耳其	90,980		累計病例數突破 9 萬例，宣布 31 個省自 23日凌晨起封鎖 4 天		中央社	土耳其武漢肺炎累計破9萬例擴大封城 31省將禁足4天	2,397,217	https://www.cna.com.tw/news/firstnews/202004210011.aspx	
20200421	WHO	WHO	-		秘書長譚德塞：疫情通報最早來自中國	（中央社記者唐佩君布魯塞爾20日專電）武漢肺炎蔓延全球，國際批評世界衛生組織忽略台灣早期示警，世衛秘書長譚德塞繼指台灣對他人身攻擊後，今天第2度回應台灣議題，在未出示證據的情況下聲稱疫情資訊最早由中國提出，並重申WHO之前的說法，指台灣未通報有人傳人現象。  武漢肺炎（2019冠狀病毒疾病，COVID-19）全球大流行，台灣指揮中心指揮官陳時中4月11日公開去年12月31日通報電郵全文並表示，台灣曾向世衛（WHO）示警，雖未明確說出「會人傳人」，但強調非典型肺炎特性且病患均隔離治療，強烈暗示人傳人可能，批評WHO「內行人說外行話，隔離治療不是警訊，那什麼情況才是警訊」。  美國總統川普17日也推文質疑WHO忽略台灣衛生官員示警武漢肺炎可能人傳人的電郵。  面對國際質疑及批評，譚德塞（Tedros Adhanom Ghebreyesus）繼4月8日指台灣過去3個月對他人身攻擊及種族岐視後，今天在日內瓦記者會上第2度回應台灣議題。法國媒體以法文提問台灣在2019年12月31日寄電子郵件給WHO，WHO是何時收到？如何回應外界指未重視台灣示警的批評？  譚德塞自上次指責台灣對他人身攻擊後，在記者會上一直迴避談台灣議題，但他今天在其它專家說明後突然開口，說關於12月31日的電子郵件議題，他要澄清的是，第一封電子郵件不是來自台灣，當時許多其他國家及地區都要求說明，而第一份疫情通報來自中國武漢。  譚德塞說，很明確的是台灣沒有通報關於人傳人，台灣與其它「實體」（entity）一樣僅是要求更多說明，因此，「我們沒有在12月31日收到台灣通報人傳人」。  台灣通報WHO電郵全文 他強調， WHO所有文件都可以查證，從台灣收到的電子郵件是為了澄清中國的通報內容，別無其它。  譚德塞未說明來自中國武漢的「第一份疫情通報」的形式，而根據WHO的書面資料，中國似乎是告知WHO在中國的辦公室，至於相關資訊有無或何時轉給位在日內瓦的WHO總部，則不得而知。  這份在1月21日發布的疫情報告說，去年12月31日，WHO在中國的辦公室被告知武漢發現多個不明原因的肺炎病例，從12月31日到今年1月3日，中國當局向WHO通報共44個不明原因的肺炎病例。在這期間，病原未能辨識。  在譚德塞發言前，WHO公共衛生緊急計畫執行主任萊恩（Michael Ryan） 也說，台灣這封電子郵件沒有談到人傳人現象，僅僅是想了解情況，且台灣感謝WHO重視這個問題，WHO收到各方請求澄清後，轉達請中國政府注意。（編輯：張佑之）1090421	中央社	被批漠視台灣示警郵件 譚德塞：疫情通報最早來自中國	2,397,217	https://www.cna.com.tw/news/firstnews/202004210009.aspx	
20200421	WORLD	德國	143,457		總理梅克爾呼籲中國，透明面對武漢肺炎病毒源頭問題	（中央社記者林育立柏林20日專電）2019冠狀病毒疾病（COVID-19，武漢肺炎）肆虐全球，德國總理梅克爾（Angela Merkel）今天呼籲中國用透明的態度面對病毒源頭的問題，讓全世界學到教訓。  德國政壇呼籲中國領導人交代武漢肺炎源頭的聲音不斷。外長馬斯（Heiko Maas）17日表示，病毒源頭這個問題相當重要，必須有答案，他呼籲中國協助調查，「未來幾天和幾週，中國將有足夠的機會證明他們有多透明」。  負責對外援助的德國聯邦發展部部長穆勒（Gerd Müller）日前也批評中國與國際社會交換武漢肺炎資訊的動作太慢，他認為病毒是否來自武漢實驗室的問題必須澄清。  梅克爾被問到此事時表示，「中國對病毒源頭的問題愈透明，全世界的人就更能從中學到教訓」。（編輯：陳永昌）1090421	中央社	梅克爾呼籲中國 透明面對武漢肺炎病毒源頭問題	2,397,217	https://www.cna.com.tw/news/firstnews/202004210019.aspx	
20200422	WHO	WHO	-		秘書長譚德塞：我認為我們在正確的時機宣告公共衛生緊急事件，當時全世界有足夠時間去因應	（中央社記者戴雅真倫敦22日專電）世界衛生組織（WHO）秘書長譚德塞今天表示，世衛在1月30日宣布重大公衛緊急事件時，武漢肺炎在中國以外只有82例確診病例，且沒有死亡案例，時間已經「足夠全世界因應」。  世衛1月底宣告俗稱武漢肺炎的2019冠狀病毒疾病（COVID-19）疫情構成「國際關注公共衛生緊急事件」（PHEIC）後，直到全球超過110國出現確診病例、超過4000人死亡時，才在3月11日正式宣布疫情已構成全球「大流行」，被指控拖延通報疫情。  中國：堅定支持世衛領導抗疫 反對削弱世衛行為 世衛替中國背書遭批 WHA議程竟未列武漢肺炎疫情討論 世衛秘書長譚德塞（Tedros Adhanom Ghebreyesus）下午在日內瓦記者會被記者提問，假設時光倒流，他是否會提早宣布全球大流行。  兩名專家先替譚德塞護航，表示世衛完全依照「國際衛生條例」（IHR），依據緊急委員會的意見，在1月30日就宣告「國際關注公共衛生緊急事件」，已經是世衛可以宣布的最高級別緊急狀況。  譚德塞也緊咬1月30日，表示當時在中國以外地區只有82例確診病例，且沒有死亡病例。  他表示：「說的具體一點，當時法國5例、芬蘭1例，德國4例，歐洲一共只有10例。非洲則是完全沒有確診病例。」  譚德塞強調：「你可以自己看。我們在（中國以外的）全世界只有82例確診、沒有死亡時，就宣告最高級別緊急狀況。」   World Health Organization (WHO) ✔ @WHO WHO declared #COVID19 a Public Health Emergency of International Concern on 30 January 2020, when there were less than 100 cases, and no deaths, outside of #China.  嵌入的影片 8,711 上午2:56 - 2020年4月23日 Twitter 廣告資訊與隱私 5,348 人正在談論此話題 譚德塞也表示，宣告這些仰賴的是專家意見。來自全球的專家1月23日就碰面，但沒辦法同意宣告「國際關注公共衛生緊急事件」，他們第二天繼續討論，但依舊沒同意，直到6、7天之後，他們才同意宣告「國際關注公共衛生緊急事件」。  譚德塞表示：「我認為我們在正確的時機宣告公共衛生緊急事件，當時全世界有足夠時間去因應。我再重複一次，當時只有82例（確診），沒有死亡，時間充足。那是1月30日，將近3個月以前。」  另有記者提問，美國國會議員揚言凍結對世衛捐助，直到世衛領導階層對疫情負責，或是譚德塞下台為止。  譚德塞回應，全世界都應該對資助世衛、拯救生命感到驕傲。他來自衣索比亞，他親自見證美國在衣索比亞不只拯救生命，也對建構衛生體系有很大貢獻。美國是世衛第一大捐助者，世衛對此很感激。他希望美國可以重新考慮繼續支助世衛，這不只是幫助他人，也是讓美國自己安全。至於辭職，他專注於拯救生命、對抗這場傳染病，沒有額外精力一一回應這些問題。（編輯：楊昭彥）1090423	中央社		2,471,136	https://www.cna.com.tw/news/firstnews/202004230006.aspx	
20200422	WORLD	美國	776,907		密蘇里州提告中國隱匿疫情	（中央社密蘇里州聖路易21日綜合外電報導）密蘇里州今天開美國第一槍，針對2019冠狀病毒疾病（COVID-19）提告中國領導階層，指控中方蓄意欺騙且在遏止疫情上行動不足，因此向中方索賠。  州檢察長施密特（Eric Schmitt）向聯邦法院提出的這項民事訴訟提出過失等罪狀。訴狀稱，密蘇里州和州內居民蒙受可能高達數百億美元的經濟損失，尋求現金賠償。 ●控中國隱瞞疫情 作為太少 共和黨籍的施密特在聲明中說：「中國政府欺騙了全世界，未如實告知COVID-19危險及傳染本質、壓制吹哨者發聲，在阻止疾病擴散上做得太少。」他說：「他們需要為自己所作所為負責。」  訴狀同時指控中方「囤積口罩等個人防護裝備」，導致疫情惡化。  中國在美國多個法院都面臨類似訴訟，訴訟均代表美國企業老闆所提出。  ●法學專家：訴訟恐以失敗收場 國際法專家告訴路透社，在美法院尋求中國對COVID-19負起責任的手段，可能會以失敗收場。  芝加哥大學國際法教授金斯柏格（Tom Ginsburg）表示，「主權豁免」的法律原則提供外國政府免於在美遭訴的全面性保障。  金斯柏格認為，近來一連串針對中國的訴訟，對面臨11月大選的諸位共和黨籍領袖來說，有其政治目的。  加州大學舊金山哈斯汀法學院（Hastings College of the Law）國際法教授凱特納（Chimene Keitner）也說：「如果美國希望與中國對簿公堂，就應須透過國際組織。美國法院沒有這類訴訟的民事管轄權。」  ●密蘇里州防疫措施相對少 法新社報導，密蘇里州由保守共和黨執政，在COVID-19防疫措施上作為少於其他州，包括允許商店維持開放，只要店家能限制現場人數、保證他們維持安全社交距離等。  截至今天，密蘇里州通報189人病故，半數發生在聖路易（St. Louis）。（譯者：蔡佳敏/核稿：張曉雯）1090422	中央社		2,471,136	https://www.cna.com.tw/news/firstnews/202004220034.aspx	
20200423	WARN				全球確診數突破 250 萬（2,544,792）例						
20200423	CHINA	中國	84,302		對 WHO 增加 3000 萬美元的現匯捐款，用於新冠肺炎疫情防控、支持發展中國家衛生體系建設等工作	　　耿爽：中方决定在前期向世卫组织捐款2000万美元现汇基础上，增加3000万美元现汇捐款，用于新冠肺炎疫情防控、支持发展中国家卫生体系建设等工作。  　　新冠肺炎疫情发生以来，世卫组织在谭德塞总干事领导下，积极履行自身职责，秉持客观、公正、科学的立场，为协助各国应对疫情、推动国际抗疫合作发挥了重要作用。  　　在全球抗击疫情的关键时刻，支持世卫组织就是捍卫多边主义的理念和原则，维护联合国的地位和权威。病毒是人类的共同敌人，国际社会只有团结协作，才能战而胜之。  　　中方向世卫组织捐款体现了中国政府和人民对世卫组织的支持和信任，也为世界公共卫生事业和全球抗击疫情作出自己的贡献。中方愿同各方一道，同舟共济，守望相助，为抗击新冠肺炎疫情、维护地区和国际公共卫生安全、构建人类命运共同体贡献力量。  　　中央电视台记者：4月22日，俄罗斯总统新闻秘书佩斯科夫表示，中俄两国在抗击疫情方面密切协作，两国领导人在通电话时确认了加强双方抗疫合作的政治意愿。国际社会上所有关于病毒人工起源的说法都毫无根据。在没有足够科学依据的前提下，对任何国家进行指责都是不可接受的。中方对此有何评论？  　　耿爽：我们已经注意到俄方表态。  　　中俄互为最大邻国和新时代全面战略协作伙伴。两国本着高度互信、守望相助的精神，在抗击疫情过程中相互给予坚定支持。习近平主席和普京总统一个月内两次通话，为双方抗疫合作注入强劲动力。双方将按照两国元首达成的共识，加大相互支持，保持密切合作，携手应对疫情。  　　俄方在病毒源头问题上秉持客观公正、科学理性的立场。我们对此表示赞赏。病毒源头问题是一个科学问题，应当交由科学家和医学专家去研究。这是国际社会的普遍共识。任何政治化病毒源头、企图“甩锅”别国的行为都不可接受。国际社会应当基于人类命运共同体的理念，和衷共济，精诚合作，共同维护世界的公共卫生安全。	中國外交部	2020年4月23日外交部发言人耿爽主持例行记者会	2,544,792	https://www.fmprc.gov.cn/web/fyrbt_673021/t1772736.shtml	
20200424	WORLD	美國	830,053		國務卿：若這個組織（WHO）拿不出美國要的成果，美方將會與世界各地夥伴合作，創造一個能確實達成預期目的的架構、形式及治理模式 	（中央社記者徐薇婷華盛頓23日專電）美國總統川普因不滿世衛傾中、防疫不力，決定暫緩金援。國務卿蓬佩奧今天暗示，若世衛無法拿出成果，美國將與全球夥伴合作，建立能夠達成預期目的的架構或治理模式。  川普因不滿世界衛生組織（WHO）處理2019冠狀病毒疾病（COVID-19，武漢肺炎）疫情偏袒中國，14日決定暫停金援並展開相關調查。美國國會議員也紛紛提案，要求凍結世衛資金，直到世衛秘書長譚德塞（Tedros Adhanom Ghebreyesus）下台為止。  蓬佩奧（Mike Pompeo）今天接受電台主持人賴瑞歐康納（Larry O’Connor）訪問，被問到應該如何改革世衛時表示，世衛先前面對嚴重急性呼吸道症候群（SARS）疫情時，初期資訊也不正確，還聲稱中國資訊透明，美國當時就有對世衛進行改革。  蓬佩奧指出，上次改革顯然不足，無法確保世衛能妥善執行其使命，美國正在檢視是否有其他改革方式。  蓬佩奧強調：「沒有任何國家跟美國一樣慷慨，總統、我本人及美國所有領導人物都有義務，確保美國人民納稅錢花在確實能拿出預期成效的組織、計畫上。」  主持人緊接著問蓬佩奧，蓬佩奧的意思是否是世衛有可能被另一個組織取代，或是世衛內部系統性問題太難以克服，是時候尋找新的範例。蓬佩奧回應說：「我們要檢視的，正是這個問題。」  蓬佩奧表示，美國須檢視世衛目前架構是否有利於它執行使命，以及世衛是否能拿出全球需要且合理的成果。他指出，先前有另一個聯合國組織，因為沒有把美方金援用在執行使命上，美國因此選擇退出。  蓬佩奧強調，若一個組織有效運行，美國會一直擔任領導角色並參與其中，但若這個組織拿不出美國要的成果，美方將會與世界各地夥伴合作，創造一個能確實達成預期目的的架構、形式及治理模式，「這非常重要」。（編輯：陳永昌）1090424	中央社		2,626,321	https://www.cna.com.tw/news/firstnews/202004240014.aspx	
20200424					土耳其確診數突破 10 萬（101,790）例						
20200425	WORLD	加拿大	42,739		加拿大公共衛生署：從中國進口的 100 萬個 KN95 口罩未達嚴格的標準，因此無法供給前線防疫的醫護人員使用。 	（中央社蒙特婁24日綜合外電報導）加拿大政府今天表示，100萬個從中國進口的KN95口罩未達嚴格的標準，因此無法供給前線對抗2019冠狀病毒疾病（COVID-19）疫情的醫護人員使用。  一名發言人告訴法新社，加拿大公共衛生署（Public Health Agency of Canada）「經查發現約有100萬個KN95口罩不符合醫療機構所需的規格」。  這名發言人說：「這些口罩沒有發送到各地給前線醫護人員，之後會評估用在非醫療場所。」  中國規格的KN95類似於N95口罩，以及歐洲使用的FFP2口罩。  加拿大公共服務與採購部長安南德（Anita Anand）說：「全球大部分的供貨都是中國製，而且要將原物料運出該國是極為複雜的事。」  自從2018年12月，中國電信巨擘華為的財務長孟晚舟在加拿大遭逮捕後，加拿大與中國的關係變得十分的僵。  安南德表示，數以百萬計呼吸器和N95口罩現在正由公共衛生署仔細檢查中。  在此同時，國內口罩和其他醫療用品「正加速」生產，當局本週再與3家加拿大公司簽約，以製造1600萬個「醫療用口罩」。  通用汽車公司（General Motors）在聲明中表示，旗下位於歐夏瓦（Oshawa）的組裝工廠將開始每月為加拿大政府生產100萬個口罩。  加拿大最大民間部門工會聯合會（Unifor）主席狄亞斯（Jerry Dias）表示，他「很高興」有50名員工「將被召回去」製造口罩。歐夏瓦那座工廠去年12月關閉，約有2000名員工失業。  今年4月初，加拿大收到1000多萬個口罩，並宣布再訂了總共6000多萬個N95口罩。（譯者：李晉緯/核稿：盧映孜）1090425	中央社		2,719,896	https://www.cna.com.tw/news/firstnews/202004250022.aspx	
20200425	WHO	WHO	-		WHO 與多國合作研發武漢肺炎疫苗試劑，美國拒絕參加	（中央社日內瓦24日綜合外電報導）世界衛生組織（WHO）今天聯手多國領袖和民間部門，合作推動計畫加快武漢肺炎的試劑、疫苗和治療藥物的研發及分配速度，以促使抗疫工具普及。但美國已表明不會加入。  世衛秘書長譚德塞（Tedros Adhanom Ghebreyesus）在視訊記者會上表示：「這是一項劃時代合作，目的為了讓2019冠狀病毒疾病（COVID-19，武漢肺炎）的疫苗、試劑和治療藥物在研發、生產和公平分配的速度加快。」  聯合國（UN）秘書長古特瑞斯（Antonio Guterres）則說：「我們面對的是前所未有的全球公敵。」他並強調：「要讓世界免於2019冠狀病毒疾病威脅，我們需要做出公共衛生史上最大規模努力。」  包括法國總統馬克宏（上排中）、德國總理梅克爾（上排右）、馬來西亞總理慕尤丁（下排左）和歐洲聯盟執行委員會主席范德賴恩（下排中）及盧安達總統卡加米等國家和區域領袖，也都參加記者會攜手宣布世衛計畫。（圖取自twitter.com/who） 包括法國總統馬克宏（Emmanuel Macron）和歐洲聯盟執行委員會（European Commission）主席范德賴恩（Ursula von der Leyen）等國家和區域領袖，也都參加記者會攜手宣布世衛計畫；但美國並未加入。  美國駐日內瓦聯合國代表團（The U.S. Mission to the United Nations in Geneva）發言人今天回覆路透社詢問時表示，美方不會參加這項計畫。  這名發言人透過電子郵件表示：「美國官方不會參與，但我們期待進一步了解這項計畫，以協助國際合作盡快研發出2019冠狀病毒疾病的疫苗。」  美國原本是世衛最大資助國，但美國總統川普已宣布將暫停提供資金給世衛。（譯者：吳昇鴻、陳彥鈞/核稿：張正芊）1090424  	中央社		2,719,896	https://www.cna.com.tw/news/firstnews/202004240376.aspx	
20200426	WORLD	歐盟	-		對四款中國製的口罩發布「嚴重警示」通報，強調不符標準、過濾能力不足	（中央社記者唐佩君布魯塞爾25日專電）歐洲聯盟消保機制近日接連對中國製4項口罩產品發布「嚴重警示」通報，強調過濾能力不足，除不符合歐盟標準，更糟糕情況是若不採取保護措施會有感染風險。  歐盟為保障消費者健康安全所設立「非食品產品快速警示系統」（rapid alert system for dangerous non-food products）於4月24日最新公告警示產品，在屬於「嚴重」（Serious）警示產品中，接連出現4項中國製口罩，在當前2019年冠狀病毒疾病（COVID-19，武漢肺炎）蔓延，歐洲急需口罩等個人防護裝備，中國的不合格口罩反而可能讓民眾暴露在感染風險中。  這4項產品自稱是屬於N95/FFP2等級口罩，但檢測後發現實際過濾能力不足，最差過濾效率甚至低於50%。歐盟在警示中除表示產品不符合歐盟標準，更嚴重的是若不採取其他保護措施，會增加感染風險。歐盟要求進口商必須標示產品風險警告。  歐盟「非食品產品快速警示系統」是一個通報窗口，各會員國可從中發布及接收最新關於對消費者健康和安全威脅的非食品類產品訊息。  近期以來，紛紛傳出許多國家抱怨，向中國企業採購的個人防護裝備品質有問題，其中比利時從中國進口的300萬片FFP2規格口罩，完全不符合品質標準。  比利時從中國進口300萬片口罩 不符合品質標準 比利時聯邦公共服務經濟部（Federal Public Service Economy）說，供應商無法提供令人信服的檢驗證書，且這些口罩在比利時一處實驗室另外接受檢測後，品質讓人無法接受。  荷蘭衛生部近期也曾表示，從中國進口的60萬個中國製口罩無法貼合臉部及過濾效率不夠。  此外，西班牙衛生當局也因為發現篩檢結果不精確，上月回收派給馬德里地方政府的8000個篩檢試劑組，並把還沒分派的5萬組快篩試劑退貨。（編輯：劉學源）1090426	中央社		2,804,796	https://www.cna.com.tw/news/firstnews/202004260003.aspx	
20200427	CHINA	中國	84,341		湖北省健委會：截至 4 月 27 日，全省現有確診病例 0 例，現有疑似病例 0 例	2020年4月27日0—24时，全省新增新冠肺炎确诊病例0例，无境外输入病例。  截至2020年4月27日24时，全省现有确诊病例0例，现有疑似病例0例。  全省累计报告新冠肺炎确诊病例68128例，其中：武汉市50333例、孝感市3518例、黄冈市2907例、荆州市1580例、鄂州市1394例、随州市1307例、襄阳市1175例、黄石市1015例、宜昌市931例、荆门市928例、咸宁市836例、十堰市672例、仙桃市575例、天门市496例、恩施州252例、潜江市198例、神农架林区11例。  全省累计治愈出院63616例，其中：武汉市46464例、孝感市3389例、黄冈市2782例、荆州市1528例、鄂州市1335例、随州市1262例、襄阳市1135例、黄石市976例、宜昌市894例、荆门市887例、咸宁市821例、十堰市664例、仙桃市553例、天门市481例、恩施州245例、潜江市189例、神农架林区11例。  全省累计病亡4512例，其中：武汉市3869例、孝感市129例、黄冈市125例、鄂州市59例、荆州市52例、随州市45例、荆门市41例、襄阳市40例、黄石市39例、宜昌市37例、仙桃市22例、咸宁市15例、天门市15例、潜江市9例、十堰市8例、恩施州7例、神农架林区0例。  全省累计追踪密切接触者282236人，尚在接受医学观察1696人。  4月27日，全省新增无症状感染者27例，转确诊0例，解除隔离10例，尚在医学观察的无症状感染者599例。	湖北省健委會		2,878,196	http://wjw.hubei.gov.cn/fbjd/dtyw/202004/t20200428_2249709.shtml	
20200428	WHO	WHO	-		秘書長譚德塞：聽從 WHO 建議的國家，比其它國家有能力防疫。WHO 給予的是基於科學實證的建議，各國可以接受或不接受，最終是各國要承擔自己的責任	（中央社記者唐佩君布魯塞爾27日專電）世界衛生組織秘書長譚德塞今天為世衛應對疫情的作為辯護，稱已提出科學實證的建議，而採納建議的國家防疫表現較其它國家好。但世衛無法強迫各國採納建議，各國須自行承擔責任。  2019冠狀病毒疾病（COVID-19，武漢肺炎）迄今在全球造成近300萬例感染案例，另逾20萬人死亡，國際批評世衛組織（WHO）防疫失當，美國總統川普因不滿世衛傾中決定暫緩金援。另美國白宮4月26日表示，川普與法國總統馬克宏通過電話後，同意WHO需要改革。  譚德塞今天在日內瓦記者會上表示，WHO給予的建議是基於科學實證，WHO沒有權力去強迫各國去執行WHO的建議，最終是由各國決定採納或拒絕這些建議。  他說例如一月三十日WHO依據國際衛生條例（IHR）宣布疫情為「國際關注公共衛生緊急事件」（PHEIC），這是世衛可以宣布的最高級別緊急狀況，當時中國以外只有82個確診病例、歐洲只有10例、拉丁美洲及非洲掛零，世界其它地方也沒有病例，他說當中國以外全球只有82例時，WHO就宣布最高緊急情況，因此世界各國應認真聽取WHO建議。  譚德塞指出，各國當時應盡可能採取所有的公衛措施，以及重視WHO建議的重要性，例如積極發現、隔離患者及追蹤接觸史等。  他進一步表示：「你們可以自己看看，聽從WHO建議的國家，比其它國家有能力防疫，這是事實…WHO給予的是基於科學實證的建議，各國可以接受或不接受，最終是各國要承擔自己的責任。」  此外，今天也有媒體詢問關於WHO上週發起的一項全球藥物及疫苗倡議，以加快研發和生產疫苗、測試和治療方法，但美國及中國為何沒參與？  譚德塞對此說明WHO不是所有國家都邀請，主要是選擇邀請那些在區域有領導角色的國家，例如沙烏地阿拉伯目前是20國集團（G20）輪值主席，德國則是將在今年6月接歐盟輪值主席國等等，不過法國及英國是例外，因他們在想法仍處雛形階段時就參與討論，因此也受邀，主要是視相關國家在區域扮演的角色，中國在這原因下沒有參加。但他沒有提到為何美國未參與。  不過今天這記者會在進行約55分鐘後突斷線，不知是否出現技術問題，以及是否僅歐洲地區受影響還是全面斷線。（編輯：張佑之）1090428	中央社		2,954,222	https://www.cna.com.tw/news/aopl/202004280004.aspx	
20200428	WARN				全球死亡數突破 20萬（202,597）例						
20200429	WARN				全球確診數突破 300 萬（3,018,681）例						
20200430	WARN				美國確診數突破 100 萬（1,003,974）例						
20200430	WARN				俄羅斯確診數突破 10 萬（106,498）例						
20200501	WHO	WHO	-		駐中國代表蓋立（Gauden Galea）受訪時表示中國多次拒絕 WHO 參與武漢肺炎來源的調查	（中央社倫敦1日綜合外電報導）世界衛生組織（WHO）駐中國代表蓋立（Gauden Galea）告訴媒體，中國多次拒絕世衛參與2019冠狀病毒疾病（COVID-19，武漢肺炎）來源的調查。  蓋立接受天空新聞（Sky News）專訪時表示：「我們知道（中國）正在進行一些全國性調查，但在現階段，我們尚未受邀參與。」  他說：「世衛正在向中國國家衛生健康委員會及相關當局提出參與要求。了解病毒源頭非常重要，動物與人之間的交互作用尤其關鍵，必須進行研究。」  當被詢及，是否有理由把世衛排除在調查之外，蓋立坦言：「從我們的角度來看，沒有理由這樣做。」  他告訴天空新聞，世衛無法從「武漢病毒研究所」和「武漢市衛生健康委員會」兩個實驗室取得研究日誌進行調查。  蓋立也說：「從現有證據來看，世衛3級緊急狀況體系的同事認為病毒起源於武漢，是一種『自然產生而非人造』的病毒。」  蓋立表示，這些實驗室的日誌「應須成為任何全面觀察病源的完整報告一部分。」  蓋立並為疫情爆發初期的世衛角色辯護。他說：「我們當時只知道中國向我們彙報的東西。」  根據美國約翰霍普金斯大學（Johns Hopkins University）統計，截至台灣時間1日下午2時45分，中國武漢肺炎確診病例數為8萬3956例，有4637人病故。  在1月3日至1月16日期間，武漢當地官員說，除了確認的41例外，沒有其他新增病例。對此，蓋立說：「那段時間就只有41例嗎？我不認為。」  「如此規模的疫情，病例數不太可能停留在41例。不過，還有更多病例嗎？這是中國必須回答的問題。」  世衛1月14日在推特上寫道「中國進行的初步調查發現，沒有明顯人傳人的證據」，招致各界批評。同一天，一名世衛官員在日內瓦說，武漢肺炎人傳人的情況「有限」。  蓋立說，當時「世衛確實愈來愈擔心與相信，同時強烈懷疑將會有人傳人現象，但（中方）彙報的病例及初步調查結果未能百分之百加以確認」。  澳洲政府先前指出，應該對2019冠狀病毒疾病的源頭展開獨立公開的調查，部分歐盟國家亦正考慮公開認同此建議。對此，中方大表不滿，並稱調查病毒的事應交給科學家執行。（譯者：吳昇鴻/核稿：嚴思祺）1090501 	中央社		3,175,207	https://www.cna.com.tw/news/firstnews/202005010200.aspx	
20200501	CHINA	中國	84,385		湖北疫情應變級別調降，全中國解除一級警戒	 5月1日下午，湖北省新型冠状病毒肺炎疫情防控指挥部举行第90场新闻发布会，介绍我省常态化疫情防控工作安排，宣布自5月2日零时起，将我省突发公共卫生应急响应级别由一级调整为二级，并相应调整完善有关防控措施。  副省长杨云彦介绍，在党中央坚强领导和各方面大力支持下，经过全省上下艰苦努力，湖北保卫战、武汉保卫战取得决定性成果，疫情防控已由应急性超常规防控向常态化防控转变。根据国家有关法律法规规定和《湖北省突发公共卫生事件应急预案》，结合当前疫情防控形势，湖北省新冠肺炎疫情防控指挥部研究，按程序报批后，决定自5月2日零时起，将我省突发公共卫生应急响应级别由一级调整为二级，并相应调整完善有关防控措施。  调整应急响应级别，并不意味着降低对疫情的警惕性、减弱工作力度，反而更加考验耐心和治理水平，需要做好较长时间常态化防控的思想准备和工作准备，慎终如始绷紧疫情防控这根弦，因时因势完善各项防控措施，决不让来之不易的向好形势发生逆转，奋力夺取疫情防控和经济社会发展“双胜利”。  据悉，今年1月24日，省新型冠状病毒肺炎疫情防控指挥部发出通告，针对当时疫情防控形势，根据《湖北省突发公共卫生事件应急预案》，启动了我省突发公共卫生事件一级响应。（记者别鸣）	湖北省衛生健康委員會		3,175,207	http://wjw.hubei.gov.cn/fbjd/dtyw/202005/t20200502_2258014.shtml	
20200501	WHO	WHO	-		宣布維持武漢肺炎為「國際關注公共衛生緊急事件（PHEIC）」	The Emergency Committee on #COVID19 unanimously agreed that the outbreak still constitutes a public health emergency of international concern.	WHO官方推特		3,175,207	https://twitter.com/WHO/status/1256245393224015875	
20200502	WORLD	美國	1,340,591		「國務院及駐聯合國代表團」在推特發起 #TweetForTaiwan，力挺台灣參加 WHA	Is it too much to ask that Taiwan be permitted to share their expertise, their commitment, with the rest of the world?  Will the world succumb to the PRC's pressure and intimidation?  It's time to be heard, and time to #TweetforTaiwan #TaiwanModel	美國國務院國際組織事務局推特		3,267,184	https://twitter.com/State_IO/status/1256273239749406720?ref_src=twsrc%5Etfw%7Ctwcamp%5Etweetembed%7Ctwterm%5E1256273239749406720&ref_url=https%3A%2F%2Fwww.cna.com.tw%2Fnews%2Ffirstnews%2F202005020184.aspx	
20200504	WORLD	歐盟	-		為研發武漢肺炎疫苗發起募資 75 億美元的募款	（中央社倫敦3日綜合外電報導）歐洲聯盟（EU）為尋找武漢肺炎疫苗展開的75億歐元募款計畫，今天獲得歐洲領袖支持。  歐盟執行委員會主席范德賴恩（Ursula von der Leyen）1日概述科學對抗2019冠狀病毒疾病（COVID-19）疫情的募資計畫。  明天將有一場認捐會議在線上召開，目的是要填補研究的資金缺口。  義大利總理孔蒂（Giuseppe Conte）、法國總統馬克宏（Emmanuel Macron）、德國總理梅克爾（Angela Merkel）都在週末報紙發表公開信表達支持。  歐洲理事會主席米歇爾（Charles Michel）、挪威總理瑟爾貝克（Erna Solberg）也都有簽署，並對處理疫情方式遭美國批評的世界衛生組織（WHO）表達支持。  領袖們表示，這筆資金可能「啟動科學家和主管單位、業界和政府、國際組織、基金會和醫療照護專業人員之間空前的全球合作」。  但他們警告，要製造或遞交「可用、可取得和可負擔」的藥物，仍需要更多資金。（譯者：鄭詩韻/核稿：嚴思祺）1090504	中央社		3,435,894	https://www.cna.com.tw/news/aopl/202005040160.aspx	
20200505	WARN				巴西確診數突破 10 萬（101,147）例						
20200506	TAIWAN	台灣	439		國光生技研發武漢肺炎疫苗，目前動物試驗結果優良，目標下半年啟動人體試驗	（中央社記者韓婷婷台北6日電）國光生技今天舉行記者會說明自主研發的武漢肺炎候選疫苗最新發展進度，董事長詹啟賢表示，目前動物小鼠試驗疫苗抗體反應佳，目標下半年啟動人體試驗，希望明年冬天有需要的台灣人都能施打。  國光生技表示，武漢疫苗是全新的疫苗，因其對人類的感染性，使用不活化全病毒，在技術及生物安全的考量有其困難度。經過3個月努力，已成功生產出候選疫苗，並且在台大病毒實驗室教授張淑媛進行疫苗抗體中和試驗，結果在注射武漢肺炎候選疫苗的小鼠血清中，發現小鼠抗體反應優異。  詹啟賢表示，研究武漢肺炎疫苗像是一場障礙賽的馬拉松，最終的結果誰也不知道；不過，疫苗安全、有效後才是量產的問題。  他指出，前面步驟必須確實走完，6個月安全觀察期是不能打折扣的，接下來國光將進行武漢肺炎病毒疫苗GMP量產作業，同時完成後續毒理試驗及攻毒試驗。期望能在今年第3季可獲准開始第一期人體臨床試驗，目標是明年冬天來臨時，台灣有需要的人都可以打到疫苗。  國光生表示，武漢肺炎疫情目前仍在全球擴散而尚無即將消失的跡象，也使各國均體認到疫苗的重要性。日前已跟衛生福利部食品藥物管理署（TFDA）及財團法人醫藥品查驗中心（CDE）討論，在顧及安全性和有效性的前提下，如何以緊急使用授權（EUA）方案及早進入人體臨床試驗，且已獲得CDE同意將國光的武漢肺炎疫苗開發案，列為COVID-19專案諮詢輔導案件計劃往前推進。  國光生指出，由於流感疫苗與武漢肺炎疫苗是以不同技術在不同工廠產線生產，國光生技在本身細胞生產工廠及簽約合作夥伴擁有的生產設備及能量，應該可以提供足夠的產能滿足國內需求。國光在全程製造的技術上，擁有完整的智慧財產權，不會受第三者或他國的牽制。  詹啟賢表示，希望明年冬天有需要的人都能打得到疫苗，以優先滿足台灣2300萬民眾需求為主，如果有多出來的量會援助海外；以目前生產能量計算有可能會有多出來的量，但因為這是全新的東西沒人做過，良率會如何還無法完整掌握，因此現階段還無法準確計算，生產會分批次出來，不會是一下子有足夠疫苗出來，至於優先順序則是由政府快定。（編輯：張良知/楊凱翔）1090506	中央社		3,588,773	https://www.cna.com.tw/news/ahel/202005060103.aspx	
20200506	WORLD	法國			法國製藥商 Sanofi SA 表示，將在全球招募數千名受試者，與英國製藥商 GlaxoSmithKline Plc 合作開發武漢肺炎疫苗		路透社		3,588,773	https://www.reuters.com/article/us-health-coronavirus-sanofi-exclusive/exclusive-sanofi-to-enroll-thousands-for-its-coronavirus-vaccine-trials-idUSKBN22H318	
20200507	CHINA	中國			國家衛健委發言人米鋒宣布，全國所有縣級行政區疫情降為低風險	米锋:5月6日，全国新增本土无症状感染者降至10例以下，连续4天无新增本土确诊病例，连续10天无新增本土疑似病例，连续22天无新增死亡病例。今天起，全国所有县域均调整为低风险。但新冠肺炎疫情还有很大不确定性，要继续做好患者救治和康复管理，落实常态化防控举措，严防疫情反弹。	国家卫生健康委员会		3,672,238	http://www.nhc.gov.cn/xcs/fkdt/202005/dd9e76dabf154c1cafc8dba40c57eac9.shtml	
20200509	WORLD	美國			參眾兩院的外交事務委員會領袖致函給近 60 個國家，呼籲他們支持台灣參加世界衛生組織	WASHINGTON (Reuters) - The leaders of U.S. congressional foreign affairs committees wrote to nearly 60 countries on Friday asking them to support Taiwan’s participation in the World Health Organization, citing the need for the broadest effort possible to fight the coronavirus pandemic.  FILE PHOTO: FILE PHOTO: Rep. Eliot Engel (D-NY) arrives to hear testimony from U.S. Ambassador to the European Union Gordon Sondlandin Washington, U.S., October 17, 2019. REUTERS/Erin Scott/File Photo Taiwan, which is not a member of the United Nations, has been excluded from the WHO, which is a U.N. agency, due to objections from China.  “As the world works to combat the spread of the COVID-19, a novel coronavirus first identified in Wuhan, China, it has never been more important to ensure all countries prioritize global health and safety over politics,” the lawmakers said in their letter, sent on Friday and first reported by Reuters.  It was signed by Representatives Eliot Engel, Democratic chairman of the House of Representatives Foreign Affairs Committee, and Michael McCaul, the panel’s ranking Republican member, as well as Senators Jim Risch, the Republican Senate Foreign Relations Committee chairman, and Bob Menendez, the panel’s ranking Democratic member.  The letter was sent to “like-minded” countries, large and small, seen as friends and allies of Taiwan, including Canada, Thailand, Japan, Germany, Britain, Saudi Arabia and Australia.  It was sent as President Donald Trump and other U.S. officials have ramped up criticism of China over the spread of the coronavirus, which causes the respiratory illness COVID-19. The Trump administration has accused China of making the pandemic worse by hiding information.  Last month, Trump announced that he was suspending aid to the WHO, accusing it of being “China-centric” and promoting China’s “disinformation” about the outbreak, assertions the WHO denies.  Some of Trump’s fellow Republicans in Congress have echoed the president’s criticisms. Democrats have criticized Trump for attacking the WHO during a global health crisis, while saying it needs reforms.  Taiwan has been seeking to join a ministerial meeting this month of the WHO’s decision-making body, the World Health Assembly (WHA), with backing from Washington and several U.S. allies.  But China, which considers Taiwan a breakaway province under its “one China” policy, said Taiwan’s effort to join the meeting will fail, insisting its efforts are based on politics, not health concerns.  Taiwan has argued that its exclusion from the WHO has created a dangerous gap in the global fight against the coronavirus.  In their letter, the U.S. lawmakers said Taiwan’s resources and expertise are assets that could benefit the world as it struggles with the pandemic. They noted that Taiwan was invited to participate in WHA meetings from 2009 to 2016.  “Diseases know no borders. We urge your government to join us in addressing the pressing issue of Taiwan’s inclusion in global health and safety organizations. Given what the world has endured as a result of COVID-19, UN Member States joining together to insist Taiwan be invited to the upcoming virtual WHA session in May 2020 is the right place to start,” the letter said.	路透社		3,855,809	https://www.reuters.com/article/us-health-coronavirus-usa-taiwan/u-s-lawmakers-urge-support-for-taiwan-at-who-as-u-s-criticizes-china-idUSKBN22L00T	
20200511	WARN				全球確診數突破 400 萬（4,006,257）例						
20200512	CHINA	中國			武漢全市推動為期十天的全民篩檢	人民网武汉5月12日电 5月11日，武汉市新冠肺炎疫情防控指挥部涉疫大数据与流行病学调查组下发《关于开展全市新冠病毒核酸筛查的紧急通知》，经研究决定，在武汉全市范围内开展全员新冠病毒核酸筛查“十天大会战”。各区按10天期限，做好本辖区全员核酸筛查计划安排。  各区制定具体实施方案需明确本辖区基本情况(人口基数、街道数量、社区数量等)、组织方式、时间安排( 需具体至街道、社区的采样时间)及其他事项。  据了解，武汉市华侨城社区正在为全民做核酸做准备，各个网格员正在通过相关小程序统计人员信息，并做好相关安排。（冀东）	人民網		4,088,848	http://hb.people.com.cn/n2/2020/0512/c192237-34011741.html	